"","codmunres","uf","total"
"1",110000,"RO",2
"2",110001,"RO",8
"3",110002,"RO",33
"4",110004,"RO",17
"5",110005,"RO",2
"6",110006,"RO",3
"7",110007,"RO",1
"8",110008,"RO",1
"9",110009,"RO",6
"10",110010,"RO",9
"11",110011,"RO",8
"12",110012,"RO",25
"13",110013,"RO",4
"14",110014,"RO",6
"15",110015,"RO",5
"16",110018,"RO",8
"17",110020,"RO",129
"18",110025,"RO",2
"19",110028,"RO",9
"20",110029,"RO",1
"21",110030,"RO",31
"22",110032,"RO",4
"23",110033,"RO",14
"24",110034,"RO",1
"25",110037,"RO",5
"26",110040,"RO",3
"27",110045,"RO",13
"28",110060,"RO",2
"29",110070,"RO",2
"30",110080,"RO",7
"31",110092,"RO",2
"32",110094,"RO",1
"33",110100,"RO",1
"34",110110,"RO",1
"35",110120,"RO",3
"36",110130,"RO",5
"37",110140,"RO",6
"38",110145,"RO",2
"39",110148,"RO",1
"40",110149,"RO",2
"41",110150,"RO",1
"42",110155,"RO",1
"43",110175,"RO",2
"44",110180,"RO",1
"45",120000,"AC",6
"46",120001,"AC",4
"47",120005,"AC",2
"48",120010,"AC",6
"49",120013,"AC",1
"50",120017,"AC",2
"51",120020,"AC",27
"52",120025,"AC",2
"53",120030,"AC",8
"54",120032,"AC",1
"55",120033,"AC",7
"56",120034,"AC",3
"57",120038,"AC",8
"58",120039,"AC",2
"59",120040,"AC",184
"60",120042,"AC",6
"61",120045,"AC",6
"62",120050,"AC",11
"63",120060,"AC",18
"64",120070,"AC",2
"65",120080,"AC",6
"66",130000,"AM",2
"67",130002,"AM",2
"68",130006,"AM",2
"69",130008,"AM",2
"70",130010,"AM",1
"71",130014,"AM",6
"72",130020,"AM",1
"73",130030,"AM",8
"74",130040,"AM",2
"75",130050,"AM",4
"76",130060,"AM",8
"77",130063,"AM",5
"78",130068,"AM",4
"79",130070,"AM",10
"80",130080,"AM",6
"81",130083,"AM",4
"82",130090,"AM",3
"83",130100,"AM",7
"84",130110,"AM",12
"85",130115,"AM",1
"86",130120,"AM",42
"87",130130,"AM",7
"88",130140,"AM",24
"89",130150,"AM",8
"90",130160,"AM",8
"91",130165,"AM",4
"92",130170,"AM",10
"93",130180,"AM",5
"94",130185,"AM",13
"95",130190,"AM",31
"96",130195,"AM",2
"97",130200,"AM",2
"98",130230,"AM",2
"99",130240,"AM",27
"100",130250,"AM",23
"101",130255,"AM",3
"102",130260,"AM",982
"103",130270,"AM",10
"104",130280,"AM",4
"105",130290,"AM",19
"106",130310,"AM",3
"107",130320,"AM",1
"108",130330,"AM",7
"109",130340,"AM",22
"110",130350,"AM",2
"111",130353,"AM",18
"112",130356,"AM",10
"113",130380,"AM",5
"114",130390,"AM",1
"115",130395,"AM",2
"116",130400,"AM",1
"117",130406,"AM",36
"118",130410,"AM",1
"119",130420,"AM",13
"120",130426,"AM",3
"121",130430,"AM",2
"122",130440,"AM",2
"123",140005,"RR",6
"124",140010,"RR",113
"125",140015,"RR",3
"126",140017,"RR",4
"127",140020,"RR",5
"128",140023,"RR",2
"129",140028,"RR",4
"130",140030,"RR",7
"131",140040,"RR",2
"132",140045,"RR",3
"133",140047,"RR",6
"134",140050,"RR",2
"135",140060,"RR",2
"136",150000,"PA",45
"137",150010,"PA",62
"138",150013,"PA",2
"139",150020,"PA",24
"140",150030,"PA",5
"141",150034,"PA",2
"142",150040,"PA",5
"143",150050,"PA",9
"144",150060,"PA",113
"145",150070,"PA",9
"146",150080,"PA",226
"147",150085,"PA",29
"148",150090,"PA",5
"149",150095,"PA",3
"150",150120,"PA",12
"151",150125,"PA",2
"152",150130,"PA",53
"153",150140,"PA",604
"154",150145,"PA",6
"155",150150,"PA",24
"156",150157,"PA",7
"157",150160,"PA",6
"158",150170,"PA",41
"159",150172,"PA",8
"160",150175,"PA",2
"161",150178,"PA",27
"162",150180,"PA",29
"163",150190,"PA",26
"164",150195,"PA",11
"165",150210,"PA",24
"166",150215,"PA",20
"167",150220,"PA",30
"168",150230,"PA",30
"169",150240,"PA",115
"170",150260,"PA",3
"171",150270,"PA",6
"172",150275,"PA",16
"173",150276,"PA",5
"174",150277,"PA",8
"175",150280,"PA",3
"176",150290,"PA",17
"177",150293,"PA",9
"178",150295,"PA",19
"179",150300,"PA",2
"180",150304,"PA",17
"181",150307,"PA",13
"182",150309,"PA",21
"183",150310,"PA",1
"184",150320,"PA",5
"185",150330,"PA",13
"186",150340,"PA",3
"187",150345,"PA",15
"188",150350,"PA",7
"189",150360,"PA",68
"190",150370,"PA",17
"191",150375,"PA",8
"192",150380,"PA",28
"193",150390,"PA",5
"194",150405,"PA",14
"195",150410,"PA",1
"196",150420,"PA",134
"197",150430,"PA",5
"198",150440,"PA",14
"199",150442,"PA",56
"200",150445,"PA",20
"201",150450,"PA",1
"202",150460,"PA",5
"203",150470,"PA",34
"204",150475,"PA",1
"205",150480,"PA",9
"206",150490,"PA",3
"207",150495,"PA",16
"208",150497,"PA",8
"209",150500,"PA",3
"210",150503,"PA",18
"211",150506,"PA",25
"212",150510,"PA",7
"213",150520,"PA",5
"214",150530,"PA",16
"215",150540,"PA",4
"216",150543,"PA",13
"217",150548,"PA",17
"218",150549,"PA",1
"219",150550,"PA",50
"220",150553,"PA",118
"221",150555,"PA",1
"222",150560,"PA",3
"223",150563,"PA",6
"224",150565,"PA",8
"225",150570,"PA",3
"226",150580,"PA",19
"227",150590,"PA",10
"228",150600,"PA",1
"229",150610,"PA",4
"230",150611,"PA",3
"231",150613,"PA",50
"232",150616,"PA",8
"233",150618,"PA",20
"234",150619,"PA",9
"235",150620,"PA",11
"236",150630,"PA",3
"237",150635,"PA",10
"238",150640,"PA",1
"239",150650,"PA",35
"240",150655,"PA",9
"241",150658,"PA",2
"242",150660,"PA",8
"243",150670,"PA",23
"244",150680,"PA",53
"245",150700,"PA",10
"246",150710,"PA",5
"247",150715,"PA",7
"248",150720,"PA",8
"249",150730,"PA",26
"250",150740,"PA",6
"251",150745,"PA",4
"252",150746,"PA",2
"253",150747,"PA",9
"254",150750,"PA",5
"255",150760,"PA",21
"256",150770,"PA",3
"257",150775,"PA",5
"258",150780,"PA",19
"259",150790,"PA",1
"260",150795,"PA",33
"261",150796,"PA",6
"262",150797,"PA",3
"263",150800,"PA",51
"264",150803,"PA",4
"265",150805,"PA",5
"266",150808,"PA",17
"267",150810,"PA",36
"268",150812,"PA",15
"269",150815,"PA",23
"270",150820,"PA",26
"271",150830,"PA",6
"272",150835,"PA",11
"273",150840,"PA",7
"274",160005,"AP",1
"275",160010,"AP",1
"276",160015,"AP",1
"277",160020,"AP",3
"278",160021,"AP",2
"279",160023,"AP",4
"280",160025,"AP",1
"281",160027,"AP",12
"282",160030,"AP",217
"283",160040,"AP",7
"284",160050,"AP",14
"285",160053,"AP",6
"286",160060,"AP",52
"287",160070,"AP",5
"288",160080,"AP",2
"289",170000,"TO",5
"290",170030,"TO",1
"291",170040,"TO",2
"292",170100,"TO",1
"293",170110,"TO",1
"294",170130,"TO",2
"295",170190,"TO",3
"296",170200,"TO",1
"297",170210,"TO",66
"298",170215,"TO",1
"299",170220,"TO",8
"300",170230,"TO",2
"301",170240,"TO",3
"302",170255,"TO",3
"303",170270,"TO",1
"304",170290,"TO",1
"305",170300,"TO",2
"306",170305,"TO",2
"307",170307,"TO",2
"308",170310,"TO",1
"309",170330,"TO",2
"310",170370,"TO",1
"311",170384,"TO",2
"312",170389,"TO",1
"313",170390,"TO",1
"314",170460,"TO",1
"315",170550,"TO",7
"316",170560,"TO",2
"317",170650,"TO",1
"318",170700,"TO",10
"319",170710,"TO",3
"320",170730,"TO",2
"321",170740,"TO",1
"322",170770,"TO",1
"323",170820,"TO",10
"324",170825,"TO",1
"325",170900,"TO",2
"326",170930,"TO",8
"327",170950,"TO",22
"328",170980,"TO",1
"329",171050,"TO",1
"330",171090,"TO",3
"331",171180,"TO",1
"332",171190,"TO",3
"333",171250,"TO",1
"334",171320,"TO",2
"335",171330,"TO",1
"336",171360,"TO",1
"337",171370,"TO",1
"338",171380,"TO",1
"339",171395,"TO",1
"340",171420,"TO",3
"341",171488,"TO",5
"342",171510,"TO",1
"343",171570,"TO",2
"344",171575,"TO",2
"345",171610,"TO",12
"346",171620,"TO",1
"347",171630,"TO",4
"348",171650,"TO",5
"349",171660,"TO",1
"350",171670,"TO",2
"351",171700,"TO",1
"352",171750,"TO",2
"353",171790,"TO",3
"354",171800,"TO",1
"355",171820,"TO",23
"356",171865,"TO",1
"357",171875,"TO",1
"358",171880,"TO",1
"359",171886,"TO",1
"360",171890,"TO",2
"361",171900,"TO",3
"362",172010,"TO",1
"363",172020,"TO",2
"364",172049,"TO",1
"365",172065,"TO",5
"366",172080,"TO",4
"367",172090,"TO",3
"368",172100,"TO",92
"369",172110,"TO",3
"370",172120,"TO",6
"371",172208,"TO",3
"372",172210,"TO",3
"373",210000,"MA",5
"374",210005,"MA",45
"375",210010,"MA",1
"376",210020,"MA",1
"377",210030,"MA",3
"378",210040,"MA",2
"379",210043,"MA",8
"380",210047,"MA",6
"381",210050,"MA",1
"382",210055,"MA",2
"383",210060,"MA",14
"384",210070,"MA",1
"385",210080,"MA",2
"386",210083,"MA",1
"387",210095,"MA",8
"388",210100,"MA",3
"389",210110,"MA",4
"390",210120,"MA",28
"391",210125,"MA",5
"392",210130,"MA",2
"393",210140,"MA",53
"394",210150,"MA",1
"395",210160,"MA",11
"396",210170,"MA",6
"397",210173,"MA",1
"398",210177,"MA",2
"399",210190,"MA",12
"400",210193,"MA",2
"401",210197,"MA",2
"402",210200,"MA",8
"403",210203,"MA",18
"404",210207,"MA",1
"405",210210,"MA",3
"406",210215,"MA",1
"407",210220,"MA",3
"408",210230,"MA",4
"409",210232,"MA",19
"410",210235,"MA",5
"411",210237,"MA",2
"412",210250,"MA",4
"413",210255,"MA",3
"414",210260,"MA",3
"415",210270,"MA",1
"416",210275,"MA",1
"417",210280,"MA",5
"418",210290,"MA",2
"419",210300,"MA",46
"420",210310,"MA",1
"421",210312,"MA",3
"422",210315,"MA",1
"423",210317,"MA",2
"424",210320,"MA",17
"425",210325,"MA",1
"426",210330,"MA",27
"427",210340,"MA",8
"428",210350,"MA",6
"429",210355,"MA",1
"430",210360,"MA",16
"431",210370,"MA",4
"432",210375,"MA",4
"433",210390,"MA",2
"434",210400,"MA",1
"435",210405,"MA",9
"436",210409,"MA",2
"437",210410,"MA",1
"438",210420,"MA",3
"439",210430,"MA",2
"440",210440,"MA",3
"441",210450,"MA",1
"442",210455,"MA",9
"443",210460,"MA",2
"444",210465,"MA",1
"445",210467,"MA",5
"446",210470,"MA",1
"447",210480,"MA",20
"448",210490,"MA",1
"449",210500,"MA",3
"450",210510,"MA",2
"451",210515,"MA",2
"452",210520,"MA",2
"453",210530,"MA",112
"454",210540,"MA",13
"455",210542,"MA",5
"456",210545,"MA",1
"457",210547,"MA",5
"458",210550,"MA",14
"459",210560,"MA",1
"460",210570,"MA",18
"461",210580,"MA",3
"462",210590,"MA",5
"463",210594,"MA",1
"464",210596,"MA",1
"465",210620,"MA",2
"466",210630,"MA",1
"467",210632,"MA",7
"468",210635,"MA",3
"469",210640,"MA",3
"470",210650,"MA",3
"471",210660,"MA",3
"472",210663,"MA",1
"473",210670,"MA",1
"474",210675,"MA",5
"475",210680,"MA",4
"476",210690,"MA",7
"477",210700,"MA",3
"478",210710,"MA",3
"479",210725,"MA",1
"480",210735,"MA",3
"481",210740,"MA",1
"482",210745,"MA",2
"483",210750,"MA",13
"484",210760,"MA",2
"485",210770,"MA",4
"486",210780,"MA",5
"487",210790,"MA",2
"488",210800,"MA",2
"489",210810,"MA",2
"490",210820,"MA",3
"491",210825,"MA",9
"492",210830,"MA",6
"493",210840,"MA",3
"494",210845,"MA",1
"495",210850,"MA",13
"496",210860,"MA",38
"497",210870,"MA",6
"498",210880,"MA",5
"499",210890,"MA",2
"500",210900,"MA",4
"501",210910,"MA",13
"502",210920,"MA",1
"503",210923,"MA",2
"504",210927,"MA",2
"505",210930,"MA",1
"506",210940,"MA",1
"507",210945,"MA",3
"508",210950,"MA",3
"509",210955,"MA",4
"510",210960,"MA",10
"511",210975,"MA",1
"512",210980,"MA",11
"513",210990,"MA",43
"514",211000,"MA",17
"515",211003,"MA",6
"516",211010,"MA",3
"517",211020,"MA",6
"518",211023,"MA",1
"519",211027,"MA",2
"520",211040,"MA",1
"521",211050,"MA",2
"522",211060,"MA",2
"523",211070,"MA",5
"524",211085,"MA",2
"525",211100,"MA",2
"526",211102,"MA",4
"527",211105,"MA",4
"528",211107,"MA",7
"529",211110,"MA",2
"530",211120,"MA",37
"531",211125,"MA",1
"532",211130,"MA",237
"533",211140,"MA",2
"534",211150,"MA",8
"535",211153,"MA",5
"536",211157,"MA",2
"537",211160,"MA",2
"538",211174,"MA",2
"539",211176,"MA",1
"540",211180,"MA",2
"541",211190,"MA",1
"542",211200,"MA",1
"543",211210,"MA",5
"544",211220,"MA",55
"545",211223,"MA",9
"546",211227,"MA",2
"547",211230,"MA",6
"548",211240,"MA",5
"549",211245,"MA",10
"550",211250,"MA",3
"551",211260,"MA",1
"552",211270,"MA",11
"553",211280,"MA",21
"554",211285,"MA",4
"555",211290,"MA",7
"556",211300,"MA",10
"557",211400,"MA",17
"558",220000,"PI",10
"559",220020,"PI",2
"560",220025,"PI",3
"561",220027,"PI",3
"562",220040,"PI",5
"563",220045,"PI",1
"564",220050,"PI",3
"565",220060,"PI",1
"566",220095,"PI",2
"567",220110,"PI",1
"568",220115,"PI",2
"569",220120,"PI",4
"570",220150,"PI",6
"571",220160,"PI",1
"572",220170,"PI",1
"573",220190,"PI",1
"574",220191,"PI",2
"575",220192,"PI",1
"576",220194,"PI",1
"577",220200,"PI",1
"578",220205,"PI",1
"579",220209,"PI",1
"580",220213,"PI",2
"581",220220,"PI",6
"582",220230,"PI",2
"583",220245,"PI",1
"584",220250,"PI",3
"585",220253,"PI",1
"586",220260,"PI",2
"587",220270,"PI",7
"588",220271,"PI",1
"589",220275,"PI",2
"590",220277,"PI",2
"591",220280,"PI",1
"592",220285,"PI",1
"593",220290,"PI",4
"594",220310,"PI",3
"595",220320,"PI",1
"596",220323,"PI",1
"597",220325,"PI",1
"598",220330,"PI",6
"599",220370,"PI",7
"600",220375,"PI",1
"601",220380,"PI",1
"602",220390,"PI",15
"603",220410,"PI",1
"604",220420,"PI",1
"605",220430,"PI",2
"606",220450,"PI",2
"607",220465,"PI",2
"608",220470,"PI",1
"609",220490,"PI",1
"610",220500,"PI",3
"611",220515,"PI",1
"612",220520,"PI",2
"613",220527,"PI",1
"614",220535,"PI",1
"615",220540,"PI",1
"616",220545,"PI",1
"617",220550,"PI",3
"618",220555,"PI",1
"619",220557,"PI",1
"620",220559,"PI",1
"621",220570,"PI",3
"622",220580,"PI",6
"623",220585,"PI",3
"624",220595,"PI",5
"625",220620,"PI",6
"626",220640,"PI",1
"627",220665,"PI",1
"628",220667,"PI",1
"629",220669,"PI",2
"630",220670,"PI",2
"631",220672,"PI",4
"632",220690,"PI",1
"633",220700,"PI",1
"634",220730,"PI",2
"635",220750,"PI",4
"636",220760,"PI",2
"637",220770,"PI",28
"638",220775,"PI",1
"639",220777,"PI",1
"640",220780,"PI",3
"641",220785,"PI",1
"642",220790,"PI",3
"643",220800,"PI",7
"644",220820,"PI",3
"645",220830,"PI",6
"646",220840,"PI",17
"647",220870,"PI",1
"648",220880,"PI",1
"649",220890,"PI",1
"650",220900,"PI",1
"651",220910,"PI",2
"652",220920,"PI",1
"653",220935,"PI",1
"654",220965,"PI",1
"655",220970,"PI",1
"656",220980,"PI",1
"657",220990,"PI",1
"658",220997,"PI",2
"659",221030,"PI",1
"660",221040,"PI",1
"661",221050,"PI",5
"662",221060,"PI",5
"663",221070,"PI",2
"664",221080,"PI",1
"665",221090,"PI",1
"666",221095,"PI",1
"667",221100,"PI",223
"668",221110,"PI",6
"669",221140,"PI",1
"670",230010,"CE",2
"671",230015,"CE",6
"672",230020,"CE",9
"673",230030,"CE",15
"674",230040,"CE",2
"675",230060,"CE",2
"676",230070,"CE",10
"677",230075,"CE",6
"678",230080,"CE",1
"679",230090,"CE",2
"680",230100,"CE",27
"681",230110,"CE",11
"682",230120,"CE",14
"683",230125,"CE",1
"684",230130,"CE",1
"685",230140,"CE",2
"686",230150,"CE",1
"687",230160,"CE",7
"688",230170,"CE",2
"689",230185,"CE",13
"690",230190,"CE",8
"691",230195,"CE",4
"692",230200,"CE",1
"693",230205,"CE",2
"694",230210,"CE",4
"695",230220,"CE",9
"696",230230,"CE",4
"697",230240,"CE",7
"698",230250,"CE",4
"699",230260,"CE",3
"700",230270,"CE",8
"701",230280,"CE",18
"702",230290,"CE",8
"703",230300,"CE",8
"704",230310,"CE",2
"705",230320,"CE",4
"706",230330,"CE",3
"707",230340,"CE",1
"708",230350,"CE",23
"709",230360,"CE",2
"710",230365,"CE",1
"711",230370,"CE",182
"712",230380,"CE",2
"713",230393,"CE",3
"714",230395,"CE",21
"715",230400,"CE",9
"716",230410,"CE",6
"717",230420,"CE",24
"718",230425,"CE",4
"719",230426,"CE",2
"720",230427,"CE",2
"721",230428,"CE",21
"722",230430,"CE",1
"723",230435,"CE",9
"724",230440,"CE",713
"725",230445,"CE",2
"726",230450,"CE",2
"727",230460,"CE",3
"728",230465,"CE",1
"729",230470,"CE",5
"730",230480,"CE",1
"731",230495,"CE",31
"732",230500,"CE",5
"733",230510,"CE",6
"734",230520,"CE",2
"735",230523,"CE",18
"736",230526,"CE",1
"737",230530,"CE",1
"738",230533,"CE",4
"739",230535,"CE",5
"740",230540,"CE",11
"741",230550,"CE",14
"742",230560,"CE",5
"743",230565,"CE",2
"744",230580,"CE",2
"745",230590,"CE",5
"746",230610,"CE",2
"747",230625,"CE",10
"748",230630,"CE",5
"749",230640,"CE",22
"750",230650,"CE",5
"751",230655,"CE",8
"752",230660,"CE",4
"753",230670,"CE",4
"754",230680,"CE",5
"755",230690,"CE",3
"756",230700,"CE",6
"757",230710,"CE",2
"758",230725,"CE",7
"759",230730,"CE",74
"760",230740,"CE",6
"761",230750,"CE",3
"762",230760,"CE",14
"763",230763,"CE",3
"764",230765,"CE",110
"765",230770,"CE",57
"766",230780,"CE",10
"767",230790,"CE",1
"768",230800,"CE",1
"769",230810,"CE",8
"770",230820,"CE",2
"771",230830,"CE",8
"772",230835,"CE",6
"773",230837,"CE",1
"774",230840,"CE",9
"775",230850,"CE",7
"776",230860,"CE",4
"777",230870,"CE",23
"778",230900,"CE",1
"779",230920,"CE",3
"780",230930,"CE",1
"781",230940,"CE",4
"782",230945,"CE",6
"783",230950,"CE",5
"784",230960,"CE",26
"785",230970,"CE",21
"786",230980,"CE",6
"787",230990,"CE",2
"788",231000,"CE",1
"789",231010,"CE",6
"790",231020,"CE",9
"791",231025,"CE",5
"792",231030,"CE",5
"793",231040,"CE",4
"794",231050,"CE",5
"795",231060,"CE",3
"796",231080,"CE",1
"797",231085,"CE",3
"798",231090,"CE",1
"799",231100,"CE",2
"800",231110,"CE",6
"801",231120,"CE",3
"802",231123,"CE",1
"803",231126,"CE",6
"804",231130,"CE",23
"805",231135,"CE",3
"806",231140,"CE",11
"807",231150,"CE",12
"808",231160,"CE",6
"809",231170,"CE",1
"810",231180,"CE",15
"811",231190,"CE",6
"812",231195,"CE",3
"813",231200,"CE",11
"814",231210,"CE",2
"815",231220,"CE",17
"816",231230,"CE",9
"817",231240,"CE",25
"818",231250,"CE",8
"819",231260,"CE",2
"820",231270,"CE",6
"821",231280,"CE",2
"822",231290,"CE",56
"823",231300,"CE",5
"824",231310,"CE",10
"825",231320,"CE",4
"826",231325,"CE",1
"827",231330,"CE",5
"828",231335,"CE",2
"829",231340,"CE",6
"830",231350,"CE",29
"831",231355,"CE",4
"832",231360,"CE",1
"833",231375,"CE",1
"834",231380,"CE",3
"835",231390,"CE",2
"836",231395,"CE",6
"837",231400,"CE",2
"838",231410,"CE",3
"839",240000,"RN",1
"840",240020,"RN",15
"841",240030,"RN",1
"842",240050,"RN",1
"843",240060,"RN",1
"844",240090,"RN",1
"845",240100,"RN",12
"846",240110,"RN",7
"847",240120,"RN",3
"848",240130,"RN",1
"849",240140,"RN",6
"850",240145,"RN",11
"851",240150,"RN",1
"852",240160,"RN",1
"853",240170,"RN",6
"854",240180,"RN",4
"855",240185,"RN",4
"856",240200,"RN",21
"857",240210,"RN",2
"858",240220,"RN",23
"859",240230,"RN",8
"860",240240,"RN",2
"861",240250,"RN",9
"862",240260,"RN",35
"863",240270,"RN",7
"864",240280,"RN",2
"865",240290,"RN",2
"866",240300,"RN",2
"867",240310,"RN",3
"868",240325,"RN",80
"869",240340,"RN",1
"870",240360,"RN",14
"871",240370,"RN",2
"872",240380,"RN",2
"873",240400,"RN",2
"874",240420,"RN",10
"875",240430,"RN",8
"876",240440,"RN",6
"877",240450,"RN",1
"878",240460,"RN",5
"879",240470,"RN",4
"880",240490,"RN",2
"881",240500,"RN",4
"882",240510,"RN",3
"883",240520,"RN",4
"884",240540,"RN",1
"885",240560,"RN",5
"886",240580,"RN",18
"887",240590,"RN",4
"888",240600,"RN",1
"889",240610,"RN",8
"890",240615,"RN",1
"891",240620,"RN",2
"892",240630,"RN",4
"893",240650,"RN",3
"894",240660,"RN",4
"895",240670,"RN",1
"896",240700,"RN",4
"897",240710,"RN",73
"898",240720,"RN",4
"899",240725,"RN",1
"900",240730,"RN",2
"901",240740,"RN",3
"902",240750,"RN",1
"903",240770,"RN",3
"904",240780,"RN",4
"905",240790,"RN",4
"906",240800,"RN",213
"907",240810,"RN",280
"908",240820,"RN",12
"909",240830,"RN",11
"910",240840,"RN",2
"911",240880,"RN",2
"912",240895,"RN",8
"913",240910,"RN",7
"914",240930,"RN",5
"915",240933,"RN",2
"916",240940,"RN",7
"917",240950,"RN",2
"918",240980,"RN",6
"919",240990,"RN",4
"920",241000,"RN",3
"921",241010,"RN",3
"922",241020,"RN",1
"923",241030,"RN",3
"924",241040,"RN",1
"925",241050,"RN",1
"926",241060,"RN",1
"927",241090,"RN",1
"928",241100,"RN",3
"929",241105,"RN",2
"930",241120,"RN",16
"931",241140,"RN",2
"932",241150,"RN",3
"933",241160,"RN",1
"934",241180,"RN",3
"935",241200,"RN",73
"936",241210,"RN",1
"937",241220,"RN",16
"938",241230,"RN",6
"939",241250,"RN",5
"940",241255,"RN",3
"941",241260,"RN",5
"942",241270,"RN",2
"943",241280,"RN",1
"944",241290,"RN",5
"945",241310,"RN",1
"946",241320,"RN",3
"947",241330,"RN",2
"948",241335,"RN",6
"949",241340,"RN",2
"950",241350,"RN",1
"951",241360,"RN",1
"952",241370,"RN",2
"953",241400,"RN",9
"954",241410,"RN",1
"955",241430,"RN",1
"956",241440,"RN",28
"957",241450,"RN",12
"958",241460,"RN",7
"959",241470,"RN",1
"960",241475,"RN",2
"961",241480,"RN",8
"962",250000,"PB",10
"963",250010,"PB",1
"964",250030,"PB",5
"965",250040,"PB",5
"966",250060,"PB",13
"967",250070,"PB",1
"968",250077,"PB",2
"969",250080,"PB",1
"970",250090,"PB",2
"971",250100,"PB",2
"972",250110,"PB",4
"973",250115,"PB",1
"974",250120,"PB",1
"975",250130,"PB",3
"976",250140,"PB",2
"977",250150,"PB",5
"978",250180,"PB",27
"979",250190,"PB",4
"980",250200,"PB",1
"981",250220,"PB",1
"982",250230,"PB",1
"983",250240,"PB",1
"984",250250,"PB",3
"985",250260,"PB",1
"986",250270,"PB",2
"987",250280,"PB",7
"988",250290,"PB",1
"989",250300,"PB",11
"990",250310,"PB",1
"991",250320,"PB",6
"992",250330,"PB",1
"993",250350,"PB",3
"994",250355,"PB",2
"995",250360,"PB",1
"996",250370,"PB",17
"997",250380,"PB",3
"998",250390,"PB",1
"999",250400,"PB",65
"1000",250403,"PB",3
"1001",250415,"PB",1
"1002",250430,"PB",22
"1003",250440,"PB",9
"1004",250460,"PB",5
"1005",250470,"PB",2
"1006",250480,"PB",4
"1007",250490,"PB",2
"1008",250510,"PB",4
"1009",250520,"PB",1
"1010",250523,"PB",2
"1011",250527,"PB",2
"1012",250535,"PB",1
"1013",250540,"PB",3
"1014",250550,"PB",1
"1015",250560,"PB",1
"1016",250570,"PB",1
"1017",250580,"PB",1
"1018",250600,"PB",8
"1019",250610,"PB",5
"1020",250625,"PB",5
"1021",250630,"PB",4
"1022",250640,"PB",3
"1023",250660,"PB",1
"1024",250670,"PB",1
"1025",250680,"PB",7
"1026",250690,"PB",9
"1027",250700,"PB",4
"1028",250710,"PB",3
"1029",250720,"PB",1
"1030",250730,"PB",2
"1031",250740,"PB",5
"1032",250750,"PB",190
"1033",250770,"PB",2
"1034",250790,"PB",1
"1035",250800,"PB",2
"1036",250810,"PB",3
"1037",250830,"PB",7
"1038",250850,"PB",4
"1039",250860,"PB",3
"1040",250870,"PB",3
"1041",250880,"PB",1
"1042",250890,"PB",11
"1043",250900,"PB",4
"1044",250905,"PB",4
"1045",250910,"PB",2
"1046",250915,"PB",2
"1047",250920,"PB",4
"1048",250930,"PB",1
"1049",250933,"PB",2
"1050",250940,"PB",2
"1051",250970,"PB",3
"1052",250980,"PB",4
"1053",250990,"PB",2
"1054",251010,"PB",5
"1055",251040,"PB",1
"1056",251050,"PB",1
"1057",251070,"PB",1
"1058",251080,"PB",19
"1059",251090,"PB",1
"1060",251100,"PB",1
"1061",251120,"PB",18
"1062",251130,"PB",1
"1063",251150,"PB",4
"1064",251160,"PB",2
"1065",251180,"PB",2
"1066",251190,"PB",4
"1067",251200,"PB",6
"1068",251203,"PB",2
"1069",251210,"PB",5
"1070",251230,"PB",3
"1071",251240,"PB",1
"1072",251250,"PB",7
"1073",251270,"PB",6
"1074",251274,"PB",1
"1075",251275,"PB",1
"1076",251276,"PB",1
"1077",251280,"PB",3
"1078",251290,"PB",7
"1079",251315,"PB",2
"1080",251320,"PB",1
"1081",251340,"PB",4
"1082",251350,"PB",1
"1083",251370,"PB",70
"1084",251385,"PB",1
"1085",251390,"PB",7
"1086",251410,"PB",3
"1087",251420,"PB",2
"1088",251445,"PB",1
"1089",251450,"PB",1
"1090",251460,"PB",1
"1091",251480,"PB",1
"1092",251490,"PB",2
"1093",251500,"PB",5
"1094",251510,"PB",2
"1095",251530,"PB",10
"1096",251540,"PB",3
"1097",251550,"PB",1
"1098",251590,"PB",2
"1099",251593,"PB",1
"1100",251597,"PB",1
"1101",251600,"PB",1
"1102",251610,"PB",2
"1103",251615,"PB",2
"1104",251620,"PB",15
"1105",251630,"PB",3
"1106",251640,"PB",2
"1107",251650,"PB",2
"1108",251660,"PB",1
"1109",251670,"PB",8
"1110",251680,"PB",1
"1111",251690,"PB",5
"1112",251700,"PB",1
"1113",251710,"PB",1
"1114",251740,"PB",1
"1115",260000,"PE",59
"1116",260005,"PE",37
"1117",260010,"PE",7
"1118",260020,"PE",5
"1119",260030,"PE",15
"1120",260040,"PE",7
"1121",260050,"PE",14
"1122",260070,"PE",14
"1123",260080,"PE",5
"1124",260090,"PE",20
"1125",260100,"PE",6
"1126",260105,"PE",8
"1127",260110,"PE",13
"1128",260120,"PE",24
"1129",260130,"PE",4
"1130",260140,"PE",19
"1131",260150,"PE",3
"1132",260160,"PE",3
"1133",260170,"PE",26
"1134",260180,"PE",5
"1135",260190,"PE",26
"1136",260200,"PE",1
"1137",260210,"PE",6
"1138",260220,"PE",9
"1139",260230,"PE",18
"1140",260240,"PE",1
"1141",260260,"PE",20
"1142",260270,"PE",2
"1143",260280,"PE",16
"1144",260290,"PE",132
"1145",260300,"PE",4
"1146",260310,"PE",5
"1147",260320,"PE",4
"1148",260330,"PE",3
"1149",260340,"PE",1
"1150",260345,"PE",56
"1151",260350,"PE",12
"1152",260360,"PE",3
"1153",260370,"PE",9
"1154",260380,"PE",1
"1155",260390,"PE",1
"1156",260392,"PE",2
"1157",260400,"PE",29
"1158",260410,"PE",163
"1159",260415,"PE",1
"1160",260420,"PE",25
"1161",260440,"PE",4
"1162",260450,"PE",6
"1163",260460,"PE",13
"1164",260470,"PE",6
"1165",260480,"PE",1
"1166",260500,"PE",19
"1167",260510,"PE",6
"1168",260515,"PE",2
"1169",260520,"PE",35
"1170",260530,"PE",5
"1171",260540,"PE",8
"1172",260550,"PE",5
"1173",260560,"PE",7
"1174",260570,"PE",9
"1175",260580,"PE",3
"1176",260590,"PE",10
"1177",260600,"PE",50
"1178",260610,"PE",18
"1179",260620,"PE",25
"1180",260640,"PE",40
"1181",260650,"PE",7
"1182",260660,"PE",14
"1183",260670,"PE",2
"1184",260680,"PE",53
"1185",260690,"PE",2
"1186",260700,"PE",8
"1187",260710,"PE",1
"1188",260720,"PE",40
"1189",260730,"PE",2
"1190",260750,"PE",5
"1191",260760,"PE",14
"1192",260765,"PE",19
"1193",260770,"PE",2
"1194",260775,"PE",13
"1195",260780,"PE",9
"1196",260790,"PE",251
"1197",260795,"PE",7
"1198",260800,"PE",7
"1199",260805,"PE",4
"1200",260810,"PE",3
"1201",260820,"PE",4
"1202",260825,"PE",2
"1203",260830,"PE",3
"1204",260840,"PE",5
"1205",260845,"PE",9
"1206",260850,"PE",10
"1207",260860,"PE",4
"1208",260870,"PE",5
"1209",260875,"PE",4
"1210",260880,"PE",12
"1211",260890,"PE",17
"1212",260900,"PE",4
"1213",260910,"PE",3
"1214",260915,"PE",6
"1215",260920,"PE",9
"1216",260930,"PE",3
"1217",260940,"PE",31
"1218",260950,"PE",13
"1219",260960,"PE",142
"1220",260970,"PE",6
"1221",260980,"PE",4
"1222",260990,"PE",14
"1223",261000,"PE",30
"1224",261010,"PE",2
"1225",261020,"PE",11
"1226",261030,"PE",1
"1227",261040,"PE",5
"1228",261050,"PE",12
"1229",261060,"PE",29
"1230",261070,"PE",84
"1231",261080,"PE",11
"1232",261090,"PE",14
"1233",261100,"PE",5
"1234",261110,"PE",86
"1235",261120,"PE",7
"1236",261130,"PE",12
"1237",261140,"PE",9
"1238",261150,"PE",5
"1239",261153,"PE",1
"1240",261160,"PE",504
"1241",261170,"PE",6
"1242",261180,"PE",18
"1243",261190,"PE",15
"1244",261200,"PE",6
"1245",261220,"PE",8
"1246",261230,"PE",2
"1247",261240,"PE",11
"1248",261245,"PE",1
"1249",261247,"PE",2
"1250",261250,"PE",30
"1251",261255,"PE",1
"1252",261260,"PE",10
"1253",261270,"PE",7
"1254",261300,"PE",18
"1255",261310,"PE",15
"1256",261320,"PE",4
"1257",261330,"PE",14
"1258",261340,"PE",21
"1259",261350,"PE",10
"1260",261360,"PE",5
"1261",261370,"PE",47
"1262",261380,"PE",15
"1263",261390,"PE",26
"1264",261410,"PE",10
"1265",261420,"PE",26
"1266",261440,"PE",1
"1267",261450,"PE",20
"1268",261460,"PE",10
"1269",261470,"PE",1
"1270",261480,"PE",3
"1271",261485,"PE",10
"1272",261500,"PE",5
"1273",261520,"PE",2
"1274",261530,"PE",22
"1275",261540,"PE",22
"1276",261550,"PE",5
"1277",261560,"PE",5
"1278",261580,"PE",3
"1279",261590,"PE",1
"1280",261600,"PE",5
"1281",261610,"PE",3
"1282",261618,"PE",1
"1283",261620,"PE",12
"1284",261630,"PE",17
"1285",261640,"PE",79
"1286",261650,"PE",5
"1287",270010,"AL",1
"1288",270020,"AL",3
"1289",270030,"AL",86
"1290",270040,"AL",26
"1291",270050,"AL",5
"1292",270060,"AL",5
"1293",270070,"AL",6
"1294",270100,"AL",11
"1295",270110,"AL",4
"1296",270120,"AL",2
"1297",270130,"AL",9
"1298",270135,"AL",2
"1299",270140,"AL",12
"1300",270160,"AL",10
"1301",270170,"AL",11
"1302",270180,"AL",4
"1303",270190,"AL",1
"1304",270210,"AL",13
"1305",270220,"AL",2
"1306",270230,"AL",19
"1307",270235,"AL",8
"1308",270240,"AL",15
"1309",270255,"AL",4
"1310",270260,"AL",4
"1311",270270,"AL",2
"1312",270280,"AL",4
"1313",270290,"AL",6
"1314",270300,"AL",6
"1315",270310,"AL",6
"1316",270320,"AL",5
"1317",270330,"AL",8
"1318",270340,"AL",1
"1319",270350,"AL",5
"1320",270360,"AL",8
"1321",270370,"AL",3
"1322",270375,"AL",4
"1323",270380,"AL",9
"1324",270400,"AL",9
"1325",270410,"AL",5
"1326",270420,"AL",4
"1327",270430,"AL",344
"1328",270440,"AL",6
"1329",270450,"AL",14
"1330",270460,"AL",2
"1331",270470,"AL",8
"1332",270500,"AL",7
"1333",270510,"AL",8
"1334",270520,"AL",7
"1335",270530,"AL",1
"1336",270540,"AL",2
"1337",270550,"AL",9
"1338",270560,"AL",5
"1339",270570,"AL",5
"1340",270590,"AL",2
"1341",270600,"AL",1
"1342",270630,"AL",16
"1343",270640,"AL",7
"1344",270642,"AL",1
"1345",270644,"AL",7
"1346",270650,"AL",2
"1347",270660,"AL",6
"1348",270670,"AL",14
"1349",270680,"AL",6
"1350",270690,"AL",13
"1351",270700,"AL",2
"1352",270710,"AL",6
"1353",270720,"AL",3
"1354",270730,"AL",17
"1355",270740,"AL",1
"1356",270750,"AL",3
"1357",270760,"AL",3
"1358",270770,"AL",35
"1359",270780,"AL",3
"1360",270790,"AL",4
"1361",270800,"AL",12
"1362",270820,"AL",1
"1363",270830,"AL",6
"1364",270840,"AL",11
"1365",270850,"AL",9
"1366",270860,"AL",15
"1367",270870,"AL",1
"1368",270880,"AL",11
"1369",270890,"AL",7
"1370",270895,"AL",2
"1371",270910,"AL",5
"1372",270915,"AL",9
"1373",270920,"AL",4
"1374",270930,"AL",18
"1375",270940,"AL",7
"1376",280000,"SE",1
"1377",280010,"SE",1
"1378",280020,"SE",7
"1379",280030,"SE",222
"1380",280040,"SE",3
"1381",280050,"SE",6
"1382",280060,"SE",14
"1383",280067,"SE",6
"1384",280070,"SE",4
"1385",280100,"SE",5
"1386",280120,"SE",12
"1387",280130,"SE",26
"1388",280140,"SE",7
"1389",280150,"SE",7
"1390",280170,"SE",22
"1391",280190,"SE",1
"1392",280200,"SE",3
"1393",280210,"SE",13
"1394",280220,"SE",2
"1395",280230,"SE",3
"1396",280240,"SE",4
"1397",280250,"SE",3
"1398",280270,"SE",9
"1399",280280,"SE",7
"1400",280290,"SE",93
"1401",280300,"SE",12
"1402",280310,"SE",1
"1403",280320,"SE",13
"1404",280330,"SE",7
"1405",280340,"SE",1
"1406",280350,"SE",29
"1407",280360,"SE",32
"1408",280370,"SE",1
"1409",280380,"SE",1
"1410",280390,"SE",6
"1411",280400,"SE",13
"1412",280410,"SE",5
"1413",280420,"SE",5
"1414",280430,"SE",2
"1415",280440,"SE",9
"1416",280445,"SE",1
"1417",280450,"SE",8
"1418",280460,"SE",15
"1419",280470,"SE",1
"1420",280480,"SE",102
"1421",280490,"SE",2
"1422",280500,"SE",1
"1423",280520,"SE",2
"1424",280530,"SE",4
"1425",280540,"SE",6
"1426",280550,"SE",12
"1427",280560,"SE",12
"1428",280570,"SE",8
"1429",280580,"SE",3
"1430",280590,"SE",11
"1431",280600,"SE",8
"1432",280610,"SE",8
"1433",280620,"SE",5
"1434",280630,"SE",2
"1435",280640,"SE",5
"1436",280650,"SE",2
"1437",280660,"SE",2
"1438",280670,"SE",43
"1439",280680,"SE",2
"1440",280690,"SE",1
"1441",280710,"SE",9
"1442",280720,"SE",1
"1443",280740,"SE",13
"1444",280750,"SE",4
"1445",280760,"SE",10
"1446",290000,"BA",99
"1447",290010,"BA",1
"1448",290020,"BA",1
"1449",290030,"BA",21
"1450",290035,"BA",1
"1451",290040,"BA",2
"1452",290060,"BA",1
"1453",290070,"BA",83
"1454",290080,"BA",11
"1455",290090,"BA",5
"1456",290100,"BA",6
"1457",290110,"BA",16
"1458",290115,"BA",3
"1459",290120,"BA",3
"1460",290130,"BA",5
"1461",290135,"BA",1
"1462",290140,"BA",2
"1463",290160,"BA",2
"1464",290170,"BA",2
"1465",290180,"BA",6
"1466",290190,"BA",12
"1467",290195,"BA",3
"1468",290200,"BA",4
"1469",290205,"BA",5
"1470",290210,"BA",31
"1471",290220,"BA",2
"1472",290225,"BA",4
"1473",290230,"BA",3
"1474",290240,"BA",15
"1475",290250,"BA",3
"1476",290260,"BA",7
"1477",290270,"BA",11
"1478",290280,"BA",10
"1479",290290,"BA",16
"1480",290300,"BA",1
"1481",290310,"BA",1
"1482",290320,"BA",47
"1483",290323,"BA",1
"1484",290327,"BA",1
"1485",290330,"BA",3
"1486",290340,"BA",25
"1487",290350,"BA",3
"1488",290360,"BA",8
"1489",290370,"BA",3
"1490",290380,"BA",3
"1491",290390,"BA",24
"1492",290395,"BA",2
"1493",290405,"BA",6
"1494",290410,"BA",2
"1495",290430,"BA",2
"1496",290450,"BA",2
"1497",290460,"BA",21
"1498",290470,"BA",9
"1499",290475,"BA",2
"1500",290485,"BA",3
"1501",290490,"BA",13
"1502",290510,"BA",1
"1503",290520,"BA",6
"1504",290530,"BA",3
"1505",290540,"BA",8
"1506",290550,"BA",3
"1507",290560,"BA",10
"1508",290570,"BA",199
"1509",290580,"BA",24
"1510",290590,"BA",8
"1511",290600,"BA",17
"1512",290610,"BA",1
"1513",290620,"BA",8
"1514",290630,"BA",10
"1515",290640,"BA",2
"1516",290650,"BA",43
"1517",290660,"BA",2
"1518",290670,"BA",11
"1519",290680,"BA",9
"1520",290682,"BA",2
"1521",290685,"BA",4
"1522",290687,"BA",19
"1523",290690,"BA",7
"1524",290700,"BA",7
"1525",290710,"BA",4
"1526",290720,"BA",24
"1527",290730,"BA",8
"1528",290740,"BA",1
"1529",290750,"BA",30
"1530",290760,"BA",3
"1531",290770,"BA",2
"1532",290780,"BA",14
"1533",290790,"BA",2
"1534",290800,"BA",14
"1535",290810,"BA",1
"1536",290820,"BA",15
"1537",290830,"BA",5
"1538",290840,"BA",31
"1539",290850,"BA",12
"1540",290860,"BA",16
"1541",290870,"BA",1
"1542",290890,"BA",6
"1543",290900,"BA",1
"1544",290910,"BA",1
"1545",290920,"BA",2
"1546",290930,"BA",7
"1547",290940,"BA",1
"1548",290960,"BA",10
"1549",290980,"BA",25
"1550",290990,"BA",17
"1551",291000,"BA",4
"1552",291005,"BA",59
"1553",291030,"BA",2
"1554",291040,"BA",7
"1555",291050,"BA",24
"1556",291060,"BA",22
"1557",291070,"BA",11
"1558",291072,"BA",45
"1559",291080,"BA",255
"1560",291085,"BA",2
"1561",291090,"BA",1
"1562",291100,"BA",7
"1563",291110,"BA",4
"1564",291120,"BA",18
"1565",291125,"BA",2
"1566",291130,"BA",4
"1567",291140,"BA",2
"1568",291150,"BA",1
"1569",291160,"BA",2
"1570",291165,"BA",3
"1571",291170,"BA",29
"1572",291180,"BA",9
"1573",291185,"BA",2
"1574",291190,"BA",5
"1575",291210,"BA",10
"1576",291220,"BA",4
"1577",291230,"BA",4
"1578",291240,"BA",3
"1579",291270,"BA",9
"1580",291280,"BA",2
"1581",291290,"BA",12
"1582",291300,"BA",2
"1583",291310,"BA",1
"1584",291320,"BA",5
"1585",291330,"BA",4
"1586",291340,"BA",2
"1587",291345,"BA",6
"1588",291350,"BA",17
"1589",291360,"BA",90
"1590",291370,"BA",36
"1591",291380,"BA",3
"1592",291390,"BA",22
"1593",291400,"BA",20
"1594",291430,"BA",1
"1595",291440,"BA",3
"1596",291450,"BA",15
"1597",291460,"BA",27
"1598",291465,"BA",16
"1599",291470,"BA",26
"1600",291480,"BA",134
"1601",291490,"BA",9
"1602",291500,"BA",7
"1603",291510,"BA",5
"1604",291520,"BA",3
"1605",291530,"BA",4
"1606",291535,"BA",2
"1607",291540,"BA",6
"1608",291550,"BA",15
"1609",291560,"BA",52
"1610",291570,"BA",1
"1611",291580,"BA",8
"1612",291600,"BA",8
"1613",291610,"BA",12
"1614",291620,"BA",2
"1615",291630,"BA",2
"1616",291640,"BA",21
"1617",291650,"BA",5
"1618",291670,"BA",1
"1619",291680,"BA",4
"1620",291685,"BA",9
"1621",291690,"BA",4
"1622",291700,"BA",11
"1623",291710,"BA",5
"1624",291720,"BA",3
"1625",291730,"BA",19
"1626",291733,"BA",1
"1627",291735,"BA",2
"1628",291740,"BA",1
"1629",291750,"BA",22
"1630",291760,"BA",7
"1631",291770,"BA",4
"1632",291780,"BA",1
"1633",291790,"BA",6
"1634",291800,"BA",44
"1635",291810,"BA",6
"1636",291820,"BA",2
"1637",291830,"BA",4
"1638",291835,"BA",5
"1639",291840,"BA",93
"1640",291845,"BA",3
"1641",291850,"BA",6
"1642",291855,"BA",10
"1643",291860,"BA",1
"1644",291880,"BA",6
"1645",291900,"BA",1
"1646",291905,"BA",3
"1647",291910,"BA",4
"1648",291915,"BA",15
"1649",291920,"BA",130
"1650",291930,"BA",3
"1651",291950,"BA",3
"1652",291955,"BA",33
"1653",291960,"BA",3
"1654",291970,"BA",1
"1655",291980,"BA",1
"1656",291990,"BA",1
"1657",291992,"BA",3
"1658",292000,"BA",2
"1659",292010,"BA",10
"1660",292020,"BA",3
"1661",292030,"BA",1
"1662",292040,"BA",4
"1663",292045,"BA",1
"1664",292050,"BA",5
"1665",292060,"BA",15
"1666",292070,"BA",8
"1667",292080,"BA",4
"1668",292090,"BA",4
"1669",292100,"BA",27
"1670",292105,"BA",1
"1671",292110,"BA",17
"1672",292120,"BA",4
"1673",292130,"BA",5
"1674",292140,"BA",2
"1675",292145,"BA",2
"1676",292150,"BA",10
"1677",292160,"BA",4
"1678",292170,"BA",12
"1679",292180,"BA",3
"1680",292200,"BA",23
"1681",292205,"BA",5
"1682",292210,"BA",7
"1683",292220,"BA",5
"1684",292225,"BA",2
"1685",292230,"BA",17
"1686",292240,"BA",5
"1687",292250,"BA",9
"1688",292260,"BA",8
"1689",292265,"BA",2
"1690",292273,"BA",1
"1691",292275,"BA",1
"1692",292285,"BA",2
"1693",292290,"BA",13
"1694",292300,"BA",28
"1695",292303,"BA",2
"1696",292305,"BA",2
"1697",292310,"BA",5
"1698",292320,"BA",4
"1699",292330,"BA",1
"1700",292335,"BA",2
"1701",292340,"BA",2
"1702",292350,"BA",2
"1703",292360,"BA",4
"1704",292370,"BA",3
"1705",292380,"BA",4
"1706",292390,"BA",7
"1707",292400,"BA",37
"1708",292405,"BA",8
"1709",292420,"BA",3
"1710",292430,"BA",1
"1711",292440,"BA",5
"1712",292460,"BA",5
"1713",292465,"BA",1
"1714",292467,"BA",3
"1715",292480,"BA",6
"1716",292490,"BA",1
"1717",292500,"BA",20
"1718",292510,"BA",9
"1719",292520,"BA",21
"1720",292525,"BA",5
"1721",292530,"BA",53
"1722",292540,"BA",2
"1723",292550,"BA",17
"1724",292560,"BA",3
"1725",292570,"BA",1
"1726",292575,"BA",10
"1727",292580,"BA",2
"1728",292590,"BA",5
"1729",292593,"BA",2
"1730",292595,"BA",2
"1731",292600,"BA",9
"1732",292610,"BA",8
"1733",292620,"BA",5
"1734",292630,"BA",13
"1735",292640,"BA",8
"1736",292650,"BA",1
"1737",292660,"BA",13
"1738",292690,"BA",1
"1739",292700,"BA",27
"1740",292710,"BA",6
"1741",292720,"BA",15
"1742",292730,"BA",3
"1743",292740,"BA",1204
"1744",292750,"BA",4
"1745",292760,"BA",2
"1746",292770,"BA",19
"1747",292780,"BA",1
"1748",292790,"BA",3
"1749",292800,"BA",12
"1750",292805,"BA",2
"1751",292810,"BA",12
"1752",292820,"BA",2
"1753",292830,"BA",3
"1754",292840,"BA",7
"1755",292850,"BA",2
"1756",292860,"BA",32
"1757",292870,"BA",63
"1758",292880,"BA",10
"1759",292890,"BA",4
"1760",292895,"BA",3
"1761",292900,"BA",6
"1762",292905,"BA",9
"1763",292910,"BA",15
"1764",292920,"BA",11
"1765",292925,"BA",6
"1766",292930,"BA",6
"1767",292935,"BA",2
"1768",292937,"BA",3
"1769",292940,"BA",1
"1770",292950,"BA",20
"1771",292960,"BA",8
"1772",292970,"BA",13
"1773",292975,"BA",16
"1774",292980,"BA",5
"1775",292990,"BA",7
"1776",293000,"BA",2
"1777",293010,"BA",27
"1778",293015,"BA",9
"1779",293020,"BA",8
"1780",293030,"BA",6
"1781",293040,"BA",3
"1782",293050,"BA",36
"1783",293060,"BA",6
"1784",293070,"BA",64
"1785",293075,"BA",3
"1786",293076,"BA",1
"1787",293077,"BA",7
"1788",293080,"BA",5
"1789",293090,"BA",2
"1790",293100,"BA",5
"1791",293105,"BA",1
"1792",293110,"BA",3
"1793",293120,"BA",5
"1794",293130,"BA",5
"1795",293135,"BA",65
"1796",293140,"BA",3
"1797",293150,"BA",2
"1798",293160,"BA",11
"1799",293170,"BA",4
"1800",293180,"BA",2
"1801",293190,"BA",19
"1802",293210,"BA",2
"1803",293220,"BA",12
"1804",293230,"BA",16
"1805",293240,"BA",4
"1806",293245,"BA",3
"1807",293250,"BA",13
"1808",293270,"BA",10
"1809",293280,"BA",8
"1810",293290,"BA",43
"1811",293300,"BA",3
"1812",293305,"BA",16
"1813",293310,"BA",1
"1814",293315,"BA",4
"1815",293317,"BA",2
"1816",293320,"BA",24
"1817",293325,"BA",5
"1818",293330,"BA",155
"1819",293340,"BA",1
"1820",293345,"BA",2
"1821",293350,"BA",13
"1822",293360,"BA",18
"1823",310000,"MG",14
"1824",310010,"MG",1
"1825",310030,"MG",1
"1826",310050,"MG",1
"1827",310060,"MG",1
"1828",310090,"MG",5
"1829",310110,"MG",7
"1830",310150,"MG",5
"1831",310160,"MG",2
"1832",310170,"MG",8
"1833",310180,"MG",5
"1834",310210,"MG",1
"1835",310220,"MG",3
"1836",310260,"MG",4
"1837",310270,"MG",2
"1838",310285,"MG",1
"1839",310300,"MG",2
"1840",310320,"MG",1
"1841",310340,"MG",4
"1842",310350,"MG",23
"1843",310370,"MG",2
"1844",310390,"MG",4
"1845",310400,"MG",6
"1846",310440,"MG",1
"1847",310450,"MG",2
"1848",310460,"MG",4
"1849",310470,"MG",2
"1850",310500,"MG",4
"1851",310510,"MG",1
"1852",310520,"MG",2
"1853",310540,"MG",4
"1854",310560,"MG",9
"1855",310590,"MG",1
"1856",310620,"MG",370
"1857",310630,"MG",1
"1858",310650,"MG",3
"1859",310670,"MG",86
"1860",310680,"MG",1
"1861",310710,"MG",3
"1862",310730,"MG",3
"1863",310740,"MG",6
"1864",310780,"MG",1
"1865",310800,"MG",3
"1866",310820,"MG",1
"1867",310825,"MG",1
"1868",310850,"MG",1
"1869",310855,"MG",2
"1870",310860,"MG",2
"1871",310900,"MG",2
"1872",310910,"MG",1
"1873",310930,"MG",2
"1874",310940,"MG",5
"1875",310990,"MG",2
"1876",311000,"MG",10
"1877",311020,"MG",2
"1878",311050,"MG",2
"1879",311070,"MG",1
"1880",311080,"MG",1
"1881",311100,"MG",1
"1882",311110,"MG",1
"1883",311120,"MG",5
"1884",311140,"MG",1
"1885",311160,"MG",2
"1886",311170,"MG",1
"1887",311200,"MG",4
"1888",311205,"MG",2
"1889",311210,"MG",2
"1890",311230,"MG",9
"1891",311250,"MG",1
"1892",311260,"MG",2
"1893",311265,"MG",1
"1894",311270,"MG",2
"1895",311280,"MG",1
"1896",311300,"MG",4
"1897",311330,"MG",4
"1898",311340,"MG",14
"1899",311370,"MG",2
"1900",311380,"MG",1
"1901",311420,"MG",1
"1902",311430,"MG",4
"1903",311440,"MG",1
"1904",311510,"MG",1
"1905",311530,"MG",3
"1906",311545,"MG",3
"1907",311550,"MG",1
"1908",311570,"MG",1
"1909",311580,"MG",1
"1910",311600,"MG",3
"1911",311610,"MG",1
"1912",311615,"MG",2
"1913",311660,"MG",1
"1914",311670,"MG",1
"1915",311680,"MG",4
"1916",311710,"MG",1
"1917",311730,"MG",2
"1918",311740,"MG",1
"1919",311750,"MG",5
"1920",311760,"MG",1
"1921",311780,"MG",1
"1922",311783,"MG",1
"1923",311787,"MG",1
"1924",311790,"MG",1
"1925",311800,"MG",11
"1926",311830,"MG",6
"1927",311840,"MG",2
"1928",311860,"MG",102
"1929",311880,"MG",2
"1930",311910,"MG",2
"1931",311930,"MG",7
"1932",311940,"MG",24
"1933",311950,"MG",1
"1934",311995,"MG",1
"1935",312000,"MG",1
"1936",312010,"MG",1
"1937",312015,"MG",2
"1938",312020,"MG",1
"1939",312070,"MG",1
"1940",312080,"MG",1
"1941",312090,"MG",11
"1942",312110,"MG",1
"1943",312140,"MG",1
"1944",312160,"MG",5
"1945",312180,"MG",1
"1946",312200,"MG",5
"1947",312220,"MG",1
"1948",312230,"MG",43
"1949",312235,"MG",2
"1950",312245,"MG",1
"1951",312290,"MG",1
"1952",312330,"MG",2
"1953",312350,"MG",1
"1954",312352,"MG",1
"1955",312360,"MG",1
"1956",312370,"MG",1
"1957",312390,"MG",1
"1958",312400,"MG",13
"1959",312410,"MG",8
"1960",312480,"MG",1
"1961",312490,"MG",1
"1962",312500,"MG",1
"1963",312510,"MG",2
"1964",312530,"MG",1
"1965",312560,"MG",2
"1966",312570,"MG",1
"1967",312595,"MG",3
"1968",312610,"MG",8
"1969",312620,"MG",2
"1970",312650,"MG",2
"1971",312670,"MG",2
"1972",312675,"MG",1
"1973",312690,"MG",7
"1974",312700,"MG",2
"1975",312705,"MG",1
"1976",312710,"MG",3
"1977",312730,"MG",2
"1978",312770,"MG",88
"1979",312780,"MG",2
"1980",312800,"MG",5
"1981",312820,"MG",1
"1982",312825,"MG",1
"1983",312830,"MG",1
"1984",312840,"MG",4
"1985",312870,"MG",6
"1986",312880,"MG",1
"1987",312890,"MG",1
"1988",312910,"MG",2
"1989",312930,"MG",1
"1990",312950,"MG",3
"1991",312960,"MG",1
"1992",312970,"MG",2
"1993",312980,"MG",34
"1994",313010,"MG",5
"1995",313020,"MG",2
"1996",313030,"MG",1
"1997",313050,"MG",1
"1998",313055,"MG",1
"1999",313065,"MG",2
"2000",313090,"MG",2
"2001",313100,"MG",2
"2002",313115,"MG",8
"2003",313120,"MG",4
"2004",313130,"MG",27
"2005",313170,"MG",27
"2006",313190,"MG",13
"2007",313210,"MG",2
"2008",313220,"MG",1
"2009",313230,"MG",5
"2010",313240,"MG",7
"2011",313250,"MG",3
"2012",313320,"MG",2
"2013",313330,"MG",4
"2014",313340,"MG",1
"2015",313350,"MG",1
"2016",313370,"MG",3
"2017",313380,"MG",16
"2018",313400,"MG",2
"2019",313410,"MG",4
"2020",313420,"MG",12
"2021",313440,"MG",4
"2022",313460,"MG",9
"2023",313470,"MG",2
"2024",313480,"MG",2
"2025",313500,"MG",1
"2026",313505,"MG",14
"2027",313510,"MG",9
"2028",313520,"MG",5
"2029",313535,"MG",1
"2030",313540,"MG",1
"2031",313550,"MG",5
"2032",313560,"MG",2
"2033",313580,"MG",6
"2034",313590,"MG",1
"2035",313600,"MG",2
"2036",313620,"MG",5
"2037",313630,"MG",3
"2038",313640,"MG",1
"2039",313650,"MG",1
"2040",313652,"MG",1
"2041",313657,"MG",1
"2042",313660,"MG",1
"2043",313665,"MG",2
"2044",313670,"MG",64
"2045",313700,"MG",6
"2046",313720,"MG",4
"2047",313730,"MG",2
"2048",313740,"MG",1
"2049",313750,"MG",1
"2050",313753,"MG",4
"2051",313760,"MG",4
"2052",313770,"MG",4
"2053",313780,"MG",2
"2054",313790,"MG",1
"2055",313810,"MG",1
"2056",313820,"MG",5
"2057",313830,"MG",1
"2058",313840,"MG",2
"2059",313865,"MG",1
"2060",313890,"MG",3
"2061",313900,"MG",3
"2062",313920,"MG",2
"2063",313930,"MG",1
"2064",313940,"MG",19
"2065",313950,"MG",7
"2066",313960,"MG",2
"2067",314000,"MG",11
"2068",314030,"MG",1
"2069",314050,"MG",2
"2070",314053,"MG",1
"2071",314055,"MG",2
"2072",314070,"MG",5
"2073",314085,"MG",1
"2074",314100,"MG",3
"2075",314110,"MG",10
"2076",314140,"MG",3
"2077",314150,"MG",2
"2078",314160,"MG",1
"2079",314170,"MG",2
"2080",314180,"MG",5
"2081",314200,"MG",1
"2082",314210,"MG",2
"2083",314230,"MG",1
"2084",314240,"MG",1
"2085",314270,"MG",2
"2086",314280,"MG",2
"2087",314290,"MG",1
"2088",314310,"MG",7
"2089",314315,"MG",1
"2090",314320,"MG",1
"2091",314330,"MG",26
"2092",314340,"MG",1
"2093",314350,"MG",1
"2094",314370,"MG",1
"2095",314380,"MG",1
"2096",314390,"MG",12
"2097",314400,"MG",9
"2098",314420,"MG",1
"2099",314430,"MG",11
"2100",314435,"MG",3
"2101",314460,"MG",1
"2102",314480,"MG",10
"2103",314500,"MG",2
"2104",314505,"MG",2
"2105",314510,"MG",1
"2106",314520,"MG",17
"2107",314530,"MG",5
"2108",314560,"MG",2
"2109",314587,"MG",1
"2110",314590,"MG",1
"2111",314600,"MG",1
"2112",314610,"MG",5
"2113",314620,"MG",1
"2114",314625,"MG",2
"2115",314630,"MG",2
"2116",314640,"MG",1
"2117",314650,"MG",1
"2118",314655,"MG",2
"2119",314675,"MG",1
"2120",314690,"MG",5
"2121",314700,"MG",34
"2122",314710,"MG",15
"2123",314730,"MG",1
"2124",314740,"MG",3
"2125",314760,"MG",2
"2126",314790,"MG",3
"2127",314800,"MG",29
"2128",314810,"MG",9
"2129",314830,"MG",1
"2130",314850,"MG",1
"2131",314860,"MG",9
"2132",314870,"MG",4
"2133",314875,"MG",2
"2134",314880,"MG",1
"2135",314900,"MG",1
"2136",314930,"MG",13
"2137",314950,"MG",1
"2138",314970,"MG",2
"2139",314980,"MG",1
"2140",314990,"MG",2
"2141",314995,"MG",9
"2142",315000,"MG",1
"2143",315010,"MG",1
"2144",315020,"MG",1
"2145",315053,"MG",1
"2146",315080,"MG",2
"2147",315090,"MG",1
"2148",315110,"MG",1
"2149",315120,"MG",13
"2150",315130,"MG",2
"2151",315140,"MG",7
"2152",315150,"MG",3
"2153",315180,"MG",5
"2154",315190,"MG",2
"2155",315200,"MG",21
"2156",315210,"MG",10
"2157",315217,"MG",2
"2158",315220,"MG",6
"2159",315240,"MG",3
"2160",315250,"MG",4
"2161",315280,"MG",5
"2162",315330,"MG",1
"2163",315340,"MG",3
"2164",315400,"MG",2
"2165",315410,"MG",3
"2166",315430,"MG",2
"2167",315445,"MG",1
"2168",315450,"MG",2
"2169",315460,"MG",73
"2170",315490,"MG",2
"2171",315540,"MG",1
"2172",315550,"MG",1
"2173",315560,"MG",1
"2174",315570,"MG",1
"2175",315580,"MG",1
"2176",315590,"MG",1
"2177",315630,"MG",1
"2178",315650,"MG",1
"2179",315660,"MG",1
"2180",315670,"MG",17
"2181",315680,"MG",6
"2182",315690,"MG",2
"2183",315700,"MG",3
"2184",315710,"MG",1
"2185",315720,"MG",6
"2186",315725,"MG",2
"2187",315733,"MG",1
"2188",315760,"MG",1
"2189",315770,"MG",3
"2190",315780,"MG",20
"2191",315790,"MG",1
"2192",315800,"MG",1
"2193",315810,"MG",1
"2194",315820,"MG",5
"2195",315890,"MG",5
"2196",315895,"MG",2
"2197",315935,"MG",1
"2198",315950,"MG",1
"2199",315960,"MG",3
"2200",315980,"MG",2
"2201",315990,"MG",1
"2202",316010,"MG",1
"2203",316020,"MG",1
"2204",316030,"MG",1
"2205",316040,"MG",1
"2206",316070,"MG",2
"2207",316100,"MG",1
"2208",316105,"MG",1
"2209",316110,"MG",5
"2210",316160,"MG",1
"2211",316165,"MG",1
"2212",316170,"MG",1
"2213",316180,"MG",4
"2214",316190,"MG",1
"2215",316200,"MG",1
"2216",316210,"MG",8
"2217",316240,"MG",1
"2218",316250,"MG",11
"2219",316255,"MG",4
"2220",316270,"MG",1
"2221",316280,"MG",3
"2222",316290,"MG",11
"2223",316292,"MG",9
"2224",316295,"MG",3
"2225",316300,"MG",1
"2226",316310,"MG",1
"2227",316330,"MG",1
"2228",316340,"MG",2
"2229",316350,"MG",1
"2230",316390,"MG",2
"2231",316400,"MG",2
"2232",316420,"MG",1
"2233",316440,"MG",1
"2234",316447,"MG",1
"2235",316450,"MG",2
"2236",316460,"MG",3
"2237",316470,"MG",4
"2238",316550,"MG",1
"2239",316553,"MG",3
"2240",316560,"MG",1
"2241",316620,"MG",1
"2242",316650,"MG",1
"2243",316680,"MG",4
"2244",316690,"MG",2
"2245",316710,"MG",3
"2246",316720,"MG",28
"2247",316750,"MG",1
"2248",316760,"MG",2
"2249",316770,"MG",2
"2250",316800,"MG",4
"2251",316805,"MG",2
"2252",316810,"MG",1
"2253",316830,"MG",1
"2254",316840,"MG",1
"2255",316850,"MG",3
"2256",316860,"MG",18
"2257",316870,"MG",10
"2258",316890,"MG",2
"2259",316900,"MG",5
"2260",316910,"MG",1
"2261",316920,"MG",1
"2262",316930,"MG",6
"2263",316935,"MG",6
"2264",316950,"MG",1
"2265",316960,"MG",5
"2266",316970,"MG",3
"2267",316980,"MG",1
"2268",316990,"MG",15
"2269",317000,"MG",3
"2270",317005,"MG",2
"2271",317010,"MG",33
"2272",317020,"MG",73
"2273",317040,"MG",4
"2274",317050,"MG",1
"2275",317052,"MG",1
"2276",317057,"MG",1
"2277",317070,"MG",14
"2278",317075,"MG",1
"2279",317080,"MG",2
"2280",317100,"MG",2
"2281",317103,"MG",2
"2282",317107,"MG",1
"2283",317120,"MG",24
"2284",317130,"MG",15
"2285",317160,"MG",2
"2286",317180,"MG",1
"2287",317190,"MG",2
"2288",317200,"MG",10
"2289",320000,"ES",3
"2290",320010,"ES",4
"2291",320013,"ES",3
"2292",320016,"ES",1
"2293",320020,"ES",6
"2294",320030,"ES",2
"2295",320035,"ES",1
"2296",320040,"ES",3
"2297",320050,"ES",1
"2298",320060,"ES",24
"2299",320070,"ES",2
"2300",320080,"ES",6
"2301",320090,"ES",7
"2302",320100,"ES",5
"2303",320115,"ES",6
"2304",320120,"ES",33
"2305",320130,"ES",158
"2306",320140,"ES",3
"2307",320150,"ES",18
"2308",320160,"ES",14
"2309",320190,"ES",4
"2310",320200,"ES",1
"2311",320210,"ES",8
"2312",320220,"ES",3
"2313",320225,"ES",1
"2314",320230,"ES",3
"2315",320240,"ES",21
"2316",320245,"ES",5
"2317",320250,"ES",2
"2318",320255,"ES",1
"2319",320270,"ES",2
"2320",320280,"ES",6
"2321",320290,"ES",2
"2322",320300,"ES",3
"2323",320305,"ES",17
"2324",320310,"ES",1
"2325",320313,"ES",6
"2326",320320,"ES",63
"2327",320330,"ES",2
"2328",320332,"ES",10
"2329",320335,"ES",1
"2330",320340,"ES",1
"2331",320350,"ES",5
"2332",320370,"ES",3
"2333",320390,"ES",16
"2334",320400,"ES",6
"2335",320405,"ES",11
"2336",320410,"ES",12
"2337",320420,"ES",2
"2338",320435,"ES",1
"2339",320440,"ES",1
"2340",320455,"ES",2
"2341",320460,"ES",2
"2342",320465,"ES",1
"2343",320470,"ES",7
"2344",320490,"ES",33
"2345",320495,"ES",3
"2346",320500,"ES",153
"2347",320501,"ES",13
"2348",320503,"ES",2
"2349",320506,"ES",3
"2350",320510,"ES",18
"2351",320517,"ES",4
"2352",320520,"ES",116
"2353",320530,"ES",76
"2354",330000,"RJ",78
"2355",330010,"RJ",77
"2356",330020,"RJ",29
"2357",330022,"RJ",1
"2358",330023,"RJ",9
"2359",330025,"RJ",9
"2360",330030,"RJ",14
"2361",330040,"RJ",38
"2362",330045,"RJ",49
"2363",330050,"RJ",3
"2364",330060,"RJ",5
"2365",330070,"RJ",81
"2366",330080,"RJ",16
"2367",330093,"RJ",2
"2368",330100,"RJ",144
"2369",330110,"RJ",2
"2370",330115,"RJ",4
"2371",330130,"RJ",6
"2372",330140,"RJ",8
"2373",330150,"RJ",2
"2374",330170,"RJ",228
"2375",330180,"RJ",1
"2376",330185,"RJ",16
"2377",330187,"RJ",5
"2378",330190,"RJ",127
"2379",330200,"RJ",27
"2380",330205,"RJ",4
"2381",330210,"RJ",1
"2382",330220,"RJ",17
"2383",330225,"RJ",8
"2384",330227,"RJ",10
"2385",330230,"RJ",1
"2386",330240,"RJ",92
"2387",330250,"RJ",53
"2388",330260,"RJ",11
"2389",330270,"RJ",28
"2390",330280,"RJ",1
"2391",330285,"RJ",19
"2392",330290,"RJ",4
"2393",330300,"RJ",5
"2394",330310,"RJ",2
"2395",330320,"RJ",17
"2396",330330,"RJ",157
"2397",330340,"RJ",21
"2398",330350,"RJ",73
"2399",330360,"RJ",5
"2400",330370,"RJ",6
"2401",330380,"RJ",19
"2402",330385,"RJ",2
"2403",330390,"RJ",21
"2404",330395,"RJ",6
"2405",330400,"RJ",6
"2406",330410,"RJ",1
"2407",330411,"RJ",5
"2408",330412,"RJ",1
"2409",330414,"RJ",26
"2410",330415,"RJ",7
"2411",330420,"RJ",35
"2412",330430,"RJ",5
"2413",330440,"RJ",4
"2414",330452,"RJ",25
"2415",330455,"RJ",674
"2416",330460,"RJ",2
"2417",330470,"RJ",10
"2418",330475,"RJ",20
"2419",330480,"RJ",2
"2420",330490,"RJ",261
"2421",330500,"RJ",10
"2422",330510,"RJ",86
"2423",330513,"RJ",2
"2424",330520,"RJ",47
"2425",330530,"RJ",2
"2426",330540,"RJ",2
"2427",330550,"RJ",6
"2428",330555,"RJ",6
"2429",330570,"RJ",2
"2430",330575,"RJ",3
"2431",330580,"RJ",14
"2432",330590,"RJ",1
"2433",330600,"RJ",39
"2434",330610,"RJ",4
"2435",330620,"RJ",2
"2436",330630,"RJ",89
"2437",350000,"SP",44
"2438",350010,"SP",2
"2439",350030,"SP",3
"2440",350055,"SP",1
"2441",350070,"SP",3
"2442",350100,"SP",1
"2443",350140,"SP",1
"2444",350160,"SP",15
"2445",350170,"SP",3
"2446",350190,"SP",3
"2447",350200,"SP",1
"2448",350210,"SP",2
"2449",350250,"SP",4
"2450",350275,"SP",2
"2451",350280,"SP",24
"2452",350290,"SP",1
"2453",350300,"SP",1
"2454",350320,"SP",15
"2455",350330,"SP",9
"2456",350340,"SP",2
"2457",350360,"SP",3
"2458",350380,"SP",4
"2459",350390,"SP",5
"2460",350400,"SP",2
"2461",350410,"SP",5
"2462",350420,"SP",1
"2463",350440,"SP",1
"2464",350450,"SP",2
"2465",350470,"SP",1
"2466",350520,"SP",3
"2467",350530,"SP",2
"2468",350540,"SP",2
"2469",350550,"SP",4
"2470",350570,"SP",20
"2471",350580,"SP",2
"2472",350590,"SP",3
"2473",350600,"SP",31
"2474",350610,"SP",6
"2475",350635,"SP",7
"2476",350650,"SP",4
"2477",350660,"SP",1
"2478",350670,"SP",1
"2479",350700,"SP",5
"2480",350710,"SP",1
"2481",350740,"SP",1
"2482",350750,"SP",6
"2483",350760,"SP",10
"2484",350775,"SP",1
"2485",350780,"SP",1
"2486",350800,"SP",1
"2487",350840,"SP",2
"2488",350850,"SP",5
"2489",350860,"SP",6
"2490",350880,"SP",2
"2491",350890,"SP",1
"2492",350900,"SP",2
"2493",350910,"SP",1
"2494",350920,"SP",8
"2495",350925,"SP",4
"2496",350940,"SP",3
"2497",350950,"SP",152
"2498",350960,"SP",9
"2499",350970,"SP",2
"2500",350995,"SP",2
"2501",351000,"SP",1
"2502",351015,"SP",1
"2503",351020,"SP",4
"2504",351030,"SP",1
"2505",351050,"SP",31
"2506",351060,"SP",34
"2507",351070,"SP",1
"2508",351080,"SP",1
"2509",351110,"SP",6
"2510",351140,"SP",3
"2511",351150,"SP",1
"2512",351160,"SP",2
"2513",351170,"SP",1
"2514",351220,"SP",4
"2515",351240,"SP",1
"2516",351250,"SP",1
"2517",351280,"SP",8
"2518",351290,"SP",2
"2519",351300,"SP",16
"2520",351310,"SP",2
"2521",351340,"SP",25
"2522",351350,"SP",9
"2523",351360,"SP",7
"2524",351370,"SP",1
"2525",351380,"SP",38
"2526",351400,"SP",1
"2527",351410,"SP",4
"2528",351430,"SP",1
"2529",351440,"SP",2
"2530",351460,"SP",1
"2531",351480,"SP",1
"2532",351500,"SP",12
"2533",351510,"SP",2
"2534",351530,"SP",1
"2535",351540,"SP",1
"2536",351565,"SP",1
"2537",351570,"SP",16
"2538",351620,"SP",17
"2539",351630,"SP",20
"2540",351640,"SP",9
"2541",351670,"SP",1
"2542",351680,"SP",1
"2543",351685,"SP",1
"2544",351700,"SP",1
"2545",351710,"SP",1
"2546",351730,"SP",1
"2547",351740,"SP",1
"2548",351750,"SP",4
"2549",351760,"SP",2
"2550",351820,"SP",8
"2551",351830,"SP",1
"2552",351840,"SP",18
"2553",351850,"SP",2
"2554",351860,"SP",3
"2555",351870,"SP",23
"2556",351880,"SP",101
"2557",351885,"SP",1
"2558",351900,"SP",1
"2559",351907,"SP",30
"2560",351925,"SP",1
"2561",351930,"SP",7
"2562",351960,"SP",3
"2563",351970,"SP",5
"2564",352000,"SP",1
"2565",352010,"SP",6
"2566",352020,"SP",1
"2567",352030,"SP",1
"2568",352040,"SP",2
"2569",352042,"SP",1
"2570",352050,"SP",13
"2571",352070,"SP",1
"2572",352100,"SP",4
"2573",352110,"SP",2
"2574",352115,"SP",1
"2575",352130,"SP",5
"2576",352180,"SP",4
"2577",352190,"SP",1
"2578",352210,"SP",16
"2579",352215,"SP",1
"2580",352220,"SP",7
"2581",352230,"SP",10
"2582",352250,"SP",27
"2583",352260,"SP",4
"2584",352270,"SP",3
"2585",352280,"SP",1
"2586",352290,"SP",1
"2587",352310,"SP",30
"2588",352320,"SP",2
"2589",352340,"SP",10
"2590",352360,"SP",2
"2591",352370,"SP",1
"2592",352390,"SP",10
"2593",352400,"SP",5
"2594",352410,"SP",3
"2595",352430,"SP",10
"2596",352440,"SP",32
"2597",352450,"SP",1
"2598",352470,"SP",2
"2599",352480,"SP",1
"2600",352500,"SP",7
"2601",352510,"SP",2
"2602",352520,"SP",6
"2603",352530,"SP",5
"2604",352550,"SP",2
"2605",352590,"SP",25
"2606",352600,"SP",2
"2607",352610,"SP",3
"2608",352620,"SP",2
"2609",352640,"SP",3
"2610",352660,"SP",1
"2611",352670,"SP",8
"2612",352680,"SP",4
"2613",352690,"SP",14
"2614",352710,"SP",10
"2615",352720,"SP",13
"2616",352730,"SP",2
"2617",352740,"SP",1
"2618",352760,"SP",1
"2619",352770,"SP",2
"2620",352790,"SP",1
"2621",352800,"SP",1
"2622",352840,"SP",6
"2623",352850,"SP",6
"2624",352860,"SP",2
"2625",352900,"SP",23
"2626",352920,"SP",2
"2627",352930,"SP",5
"2628",352940,"SP",28
"2629",352965,"SP",1
"2630",352970,"SP",3
"2631",352980,"SP",1
"2632",352990,"SP",3
"2633",353010,"SP",4
"2634",353030,"SP",7
"2635",353050,"SP",2
"2636",353060,"SP",23
"2637",353070,"SP",17
"2638",353080,"SP",16
"2639",353110,"SP",5
"2640",353130,"SP",1
"2641",353150,"SP",2
"2642",353180,"SP",9
"2643",353190,"SP",5
"2644",353200,"SP",1
"2645",353220,"SP",1
"2646",353240,"SP",3
"2647",353282,"SP",2
"2648",353290,"SP",1
"2649",353300,"SP",1
"2650",353325,"SP",1
"2651",353340,"SP",3
"2652",353350,"SP",1
"2653",353360,"SP",2
"2654",353380,"SP",2
"2655",353430,"SP",1
"2656",353440,"SP",64
"2657",353450,"SP",1
"2658",353460,"SP",7
"2659",353470,"SP",5
"2660",353475,"SP",1
"2661",353480,"SP",1
"2662",353530,"SP",5
"2663",353560,"SP",1
"2664",353590,"SP",1
"2665",353620,"SP",2
"2666",353630,"SP",1
"2667",353650,"SP",6
"2668",353657,"SP",1
"2669",353670,"SP",2
"2670",353700,"SP",1
"2671",353710,"SP",3
"2672",353730,"SP",1
"2673",353760,"SP",11
"2674",353770,"SP",1
"2675",353780,"SP",6
"2676",353790,"SP",4
"2677",353800,"SP",13
"2678",353820,"SP",1
"2679",353850,"SP",3
"2680",353860,"SP",3
"2681",353870,"SP",39
"2682",353880,"SP",1
"2683",353890,"SP",2
"2684",353910,"SP",2
"2685",353920,"SP",4
"2686",353930,"SP",6
"2687",353950,"SP",3
"2688",353980,"SP",9
"2689",353990,"SP",2
"2690",354000,"SP",1
"2691",354020,"SP",1
"2692",354040,"SP",1
"2693",354060,"SP",4
"2694",354070,"SP",6
"2695",354075,"SP",3
"2696",354080,"SP",1
"2697",354090,"SP",2
"2698",354100,"SP",26
"2699",354130,"SP",3
"2700",354140,"SP",10
"2701",354150,"SP",2
"2702",354160,"SP",1
"2703",354170,"SP",2
"2704",354190,"SP",2
"2705",354210,"SP",1
"2706",354220,"SP",3
"2707",354240,"SP",3
"2708",354260,"SP",6
"2709",354280,"SP",1
"2710",354290,"SP",2
"2711",354300,"SP",1
"2712",354320,"SP",1
"2713",354325,"SP",1
"2714",354330,"SP",5
"2715",354340,"SP",39
"2716",354370,"SP",1
"2717",354380,"SP",1
"2718",354390,"SP",14
"2719",354410,"SP",1
"2720",354425,"SP",2
"2721",354430,"SP",2
"2722",354460,"SP",1
"2723",354510,"SP",1
"2724",354520,"SP",8
"2725",354530,"SP",4
"2726",354540,"SP",1
"2727",354560,"SP",1
"2728",354570,"SP",1
"2729",354580,"SP",10
"2730",354600,"SP",1
"2731",354630,"SP",5
"2732",354640,"SP",1
"2733",354650,"SP",1
"2734",354670,"SP",1
"2735",354680,"SP",6
"2736",354730,"SP",5
"2737",354750,"SP",3
"2738",354770,"SP",1
"2739",354780,"SP",45
"2740",354800,"SP",3
"2741",354850,"SP",29
"2742",354870,"SP",63
"2743",354880,"SP",5
"2744",354890,"SP",20
"2745",354910,"SP",2
"2746",354925,"SP",1
"2747",354940,"SP",2
"2748",354980,"SP",35
"2749",354990,"SP",54
"2750",354995,"SP",1
"2751",355010,"SP",2
"2752",355020,"SP",2
"2753",355030,"SP",474
"2754",355040,"SP",2
"2755",355050,"SP",1
"2756",355060,"SP",4
"2757",355070,"SP",11
"2758",355090,"SP",2
"2759",355100,"SP",41
"2760",355110,"SP",2
"2761",355150,"SP",1
"2762",355160,"SP",1
"2763",355170,"SP",9
"2764",355180,"SP",1
"2765",355210,"SP",1
"2766",355220,"SP",50
"2767",355240,"SP",31
"2768",355250,"SP",36
"2769",355260,"SP",1
"2770",355270,"SP",4
"2771",355280,"SP",22
"2772",355330,"SP",1
"2773",355340,"SP",2
"2774",355370,"SP",7
"2775",355385,"SP",1
"2776",355395,"SP",1
"2777",355400,"SP",6
"2778",355410,"SP",24
"2779",355430,"SP",1
"2780",355450,"SP",1
"2781",355470,"SP",1
"2782",355480,"SP",4
"2783",355495,"SP",1
"2784",355500,"SP",1
"2785",355540,"SP",16
"2786",355550,"SP",1
"2787",355620,"SP",2
"2788",355630,"SP",6
"2789",355640,"SP",5
"2790",355645,"SP",4
"2791",355650,"SP",4
"2792",355670,"SP",4
"2793",355700,"SP",12
"2794",355710,"SP",6
"2795",355715,"SP",1
"2796",410000,"PR",27
"2797",410040,"PR",34
"2798",410045,"PR",2
"2799",410050,"PR",7
"2800",410060,"PR",1
"2801",410070,"PR",2
"2802",410080,"PR",2
"2803",410090,"PR",1
"2804",410100,"PR",1
"2805",410110,"PR",4
"2806",410120,"PR",3
"2807",410140,"PR",17
"2808",410150,"PR",19
"2809",410160,"PR",4
"2810",410170,"PR",3
"2811",410180,"PR",29
"2812",410185,"PR",1
"2813",410190,"PR",1
"2814",410200,"PR",3
"2815",410210,"PR",3
"2816",410240,"PR",3
"2817",410250,"PR",3
"2818",410260,"PR",1
"2819",410280,"PR",5
"2820",410290,"PR",1
"2821",410300,"PR",1
"2822",410305,"PR",1
"2823",410310,"PR",4
"2824",410320,"PR",1
"2825",410335,"PR",1
"2826",410337,"PR",4
"2827",410345,"PR",3
"2828",410347,"PR",1
"2829",410370,"PR",11
"2830",410380,"PR",3
"2831",410390,"PR",2
"2832",410395,"PR",1
"2833",410400,"PR",8
"2834",410420,"PR",19
"2835",410425,"PR",8
"2836",410430,"PR",19
"2837",410440,"PR",3
"2838",410442,"PR",4
"2839",410445,"PR",1
"2840",410460,"PR",2
"2841",410465,"PR",2
"2842",410470,"PR",2
"2843",410480,"PR",45
"2844",410490,"PR",5
"2845",410500,"PR",5
"2846",410510,"PR",2
"2847",410520,"PR",2
"2848",410540,"PR",5
"2849",410550,"PR",5
"2850",410570,"PR",3
"2851",410580,"PR",60
"2852",410600,"PR",1
"2853",410620,"PR",1
"2854",410630,"PR",2
"2855",410640,"PR",3
"2856",410645,"PR",4
"2857",410650,"PR",4
"2858",410660,"PR",4
"2859",410670,"PR",1
"2860",410680,"PR",3
"2861",410690,"PR",317
"2862",410700,"PR",3
"2863",410715,"PR",1
"2864",410720,"PR",2
"2865",410725,"PR",1
"2866",410750,"PR",1
"2867",410752,"PR",2
"2868",410754,"PR",1
"2869",410760,"PR",3
"2870",410765,"PR",38
"2871",410800,"PR",6
"2872",410830,"PR",63
"2873",410832,"PR",1
"2874",410840,"PR",10
"2875",410845,"PR",1
"2876",410850,"PR",2
"2877",410860,"PR",1
"2878",410865,"PR",2
"2879",410870,"PR",2
"2880",410880,"PR",13
"2881",410890,"PR",2
"2882",410920,"PR",1
"2883",410930,"PR",3
"2884",410940,"PR",18
"2885",410950,"PR",1
"2886",410960,"PR",11
"2887",410965,"PR",1
"2888",410970,"PR",4
"2889",410975,"PR",1
"2890",410980,"PR",21
"2891",411000,"PR",1
"2892",411010,"PR",5
"2893",411050,"PR",1
"2894",411060,"PR",4
"2895",411065,"PR",1
"2896",411070,"PR",5
"2897",411080,"PR",5
"2898",411095,"PR",3
"2899",411120,"PR",2
"2900",411125,"PR",10
"2901",411140,"PR",2
"2902",411150,"PR",2
"2903",411180,"PR",6
"2904",411190,"PR",3
"2905",411200,"PR",3
"2906",411210,"PR",2
"2907",411220,"PR",1
"2908",411240,"PR",1
"2909",411250,"PR",2
"2910",411270,"PR",3
"2911",411300,"PR",1
"2912",411320,"PR",1
"2913",411325,"PR",5
"2914",411330,"PR",7
"2915",411340,"PR",1
"2916",411345,"PR",1
"2917",411350,"PR",8
"2918",411360,"PR",1
"2919",411370,"PR",93
"2920",411373,"PR",1
"2921",411410,"PR",4
"2922",411420,"PR",7
"2923",411430,"PR",5
"2924",411440,"PR",6
"2925",411460,"PR",2
"2926",411470,"PR",1
"2927",411480,"PR",5
"2928",411490,"PR",1
"2929",411500,"PR",1
"2930",411510,"PR",6
"2931",411520,"PR",45
"2932",411530,"PR",2
"2933",411540,"PR",2
"2934",411545,"PR",1
"2935",411550,"PR",1
"2936",411560,"PR",3
"2937",411570,"PR",11
"2938",411575,"PR",7
"2939",411580,"PR",6
"2940",411590,"PR",1
"2941",411605,"PR",1
"2942",411610,"PR",7
"2943",411620,"PR",3
"2944",411640,"PR",1
"2945",411670,"PR",4
"2946",411690,"PR",5
"2947",411705,"PR",1
"2948",411725,"PR",3
"2949",411727,"PR",1
"2950",411730,"PR",3
"2951",411745,"PR",3
"2952",411750,"PR",6
"2953",411760,"PR",12
"2954",411770,"PR",2
"2955",411780,"PR",3
"2956",411790,"PR",2
"2957",411800,"PR",5
"2958",411810,"PR",1
"2959",411820,"PR",53
"2960",411840,"PR",14
"2961",411845,"PR",2
"2962",411850,"PR",11
"2963",411880,"PR",1
"2964",411885,"PR",1
"2965",411890,"PR",2
"2966",411900,"PR",1
"2967",411910,"PR",1
"2968",411915,"PR",28
"2969",411930,"PR",14
"2970",411940,"PR",5
"2971",411950,"PR",37
"2972",411960,"PR",5
"2973",411970,"PR",1
"2974",411980,"PR",2
"2975",411990,"PR",53
"2976",411995,"PR",6
"2977",412000,"PR",5
"2978",412010,"PR",1
"2979",412040,"PR",3
"2980",412050,"PR",2
"2981",412060,"PR",13
"2982",412070,"PR",2
"2983",412080,"PR",5
"2984",412085,"PR",2
"2985",412090,"PR",14
"2986",412120,"PR",1
"2987",412140,"PR",3
"2988",412150,"PR",1
"2989",412160,"PR",2
"2990",412170,"PR",2
"2991",412175,"PR",3
"2992",412180,"PR",1
"2993",412190,"PR",3
"2994",412215,"PR",9
"2995",412220,"PR",6
"2996",412230,"PR",2
"2997",412240,"PR",2
"2998",412250,"PR",2
"2999",412260,"PR",2
"3000",412270,"PR",4
"3001",412280,"PR",1
"3002",412300,"PR",1
"3003",412340,"PR",1
"3004",412350,"PR",7
"3005",412370,"PR",4
"3006",412380,"PR",1
"3007",412382,"PR",2
"3008",412402,"PR",2
"3009",412405,"PR",3
"3010",412410,"PR",7
"3011",412440,"PR",4
"3012",412450,"PR",1
"3013",412460,"PR",2
"3014",412470,"PR",2
"3015",412490,"PR",1
"3016",412500,"PR",4
"3017",412520,"PR",5
"3018",412535,"PR",6
"3019",412550,"PR",60
"3020",412560,"PR",5
"3021",412570,"PR",4
"3022",412575,"PR",1
"3023",412580,"PR",1
"3024",412600,"PR",4
"3025",412610,"PR",1
"3026",412625,"PR",28
"3027",412627,"PR",1
"3028",412635,"PR",1
"3029",412650,"PR",3
"3030",412660,"PR",1
"3031",412667,"PR",2
"3032",412670,"PR",1
"3033",412680,"PR",8
"3034",412690,"PR",2
"3035",412710,"PR",19
"3036",412720,"PR",3
"3037",412730,"PR",3
"3038",412740,"PR",6
"3039",412750,"PR",2
"3040",412770,"PR",26
"3041",412785,"PR",1
"3042",412788,"PR",2
"3043",412790,"PR",2
"3044",412795,"PR",1
"3045",412796,"PR",1
"3046",412810,"PR",12
"3047",412820,"PR",5
"3048",412850,"PR",1
"3049",412853,"PR",2
"3050",412865,"PR",2
"3051",412870,"PR",1
"3052",420000,"SC",2
"3053",420010,"SC",2
"3054",420050,"SC",1
"3055",420075,"SC",1
"3056",420120,"SC",1
"3057",420130,"SC",8
"3058",420140,"SC",9
"3059",420195,"SC",3
"3060",420200,"SC",11
"3061",420205,"SC",2
"3062",420210,"SC",12
"3063",420213,"SC",1
"3064",420230,"SC",15
"3065",420240,"SC",35
"3066",420245,"SC",2
"3067",420250,"SC",1
"3068",420260,"SC",1
"3069",420290,"SC",4
"3070",420300,"SC",7
"3071",420310,"SC",2
"3072",420320,"SC",23
"3073",420330,"SC",1
"3074",420340,"SC",3
"3075",420350,"SC",2
"3076",420360,"SC",3
"3077",420370,"SC",2
"3078",420380,"SC",5
"3079",420390,"SC",1
"3080",420395,"SC",3
"3081",420410,"SC",1
"3082",420420,"SC",29
"3083",420425,"SC",1
"3084",420430,"SC",3
"3085",420450,"SC",1
"3086",420455,"SC",3
"3087",420460,"SC",19
"3088",420480,"SC",4
"3089",420500,"SC",3
"3090",420510,"SC",1
"3091",420517,"SC",1
"3092",420530,"SC",2
"3093",420540,"SC",50
"3094",420545,"SC",3
"3095",420550,"SC",4
"3096",420560,"SC",1
"3097",420570,"SC",1
"3098",420580,"SC",3
"3099",420590,"SC",4
"3100",420620,"SC",1
"3101",420630,"SC",1
"3102",420650,"SC",1
"3103",420660,"SC",1
"3104",420665,"SC",1
"3105",420670,"SC",2
"3106",420690,"SC",4
"3107",420700,"SC",6
"3108",420710,"SC",4
"3109",420720,"SC",2
"3110",420730,"SC",2
"3111",420750,"SC",3
"3112",420768,"SC",1
"3113",420780,"SC",2
"3114",420810,"SC",3
"3115",420820,"SC",28
"3116",420830,"SC",8
"3117",420840,"SC",1
"3118",420845,"SC",12
"3119",420850,"SC",2
"3120",420860,"SC",1
"3121",420880,"SC",2
"3122",420890,"SC",8
"3123",420910,"SC",84
"3124",420930,"SC",16
"3125",420940,"SC",5
"3126",420970,"SC",2
"3127",421005,"SC",1
"3128",421010,"SC",2
"3129",421040,"SC",1
"3130",421050,"SC",1
"3131",421070,"SC",1
"3132",421105,"SC",1
"3133",421130,"SC",9
"3134",421150,"SC",2
"3135",421160,"SC",1
"3136",421180,"SC",1
"3137",421190,"SC",11
"3138",421210,"SC",1
"3139",421220,"SC",2
"3140",421225,"SC",1
"3141",421227,"SC",1
"3142",421250,"SC",4
"3143",421280,"SC",8
"3144",421290,"SC",1
"3145",421315,"SC",1
"3146",421320,"SC",2
"3147",421330,"SC",1
"3148",421340,"SC",1
"3149",421350,"SC",4
"3150",421360,"SC",1
"3151",421440,"SC",1
"3152",421460,"SC",1
"3153",421480,"SC",7
"3154",421500,"SC",1
"3155",421530,"SC",1
"3156",421540,"SC",1
"3157",421545,"SC",1
"3158",421550,"SC",3
"3159",421565,"SC",1
"3160",421570,"SC",1
"3161",421580,"SC",2
"3162",421620,"SC",17
"3163",421630,"SC",3
"3164",421635,"SC",1
"3165",421640,"SC",1
"3166",421650,"SC",2
"3167",421660,"SC",29
"3168",421680,"SC",1
"3169",421720,"SC",1
"3170",421740,"SC",1
"3171",421750,"SC",1
"3172",421760,"SC",2
"3173",421770,"SC",3
"3174",421800,"SC",12
"3175",421820,"SC",3
"3176",421830,"SC",2
"3177",421860,"SC",1
"3178",421870,"SC",8
"3179",421900,"SC",2
"3180",421930,"SC",5
"3181",421935,"SC",1
"3182",421950,"SC",9
"3183",421970,"SC",4
"3184",422000,"SC",5
"3185",430030,"RS",1
"3186",430040,"RS",6
"3187",430050,"RS",2
"3188",430060,"RS",111
"3189",430063,"RS",1
"3190",430064,"RS",2
"3191",430070,"RS",1
"3192",430085,"RS",1
"3193",430100,"RS",1
"3194",430105,"RS",2
"3195",430120,"RS",2
"3196",430130,"RS",1
"3197",430140,"RS",1
"3198",430155,"RS",1
"3199",430160,"RS",13
"3200",430163,"RS",5
"3201",430185,"RS",2
"3202",430190,"RS",2
"3203",430200,"RS",1
"3204",430205,"RS",1
"3205",430210,"RS",44
"3206",430215,"RS",1
"3207",430220,"RS",1
"3208",430230,"RS",7
"3209",430235,"RS",1
"3210",430237,"RS",1
"3211",430240,"RS",2
"3212",430250,"RS",3
"3213",430260,"RS",1
"3214",430270,"RS",8
"3215",430280,"RS",6
"3216",430300,"RS",7
"3217",430310,"RS",29
"3218",430330,"RS",1
"3219",430340,"RS",1
"3220",430350,"RS",7
"3221",430360,"RS",1
"3222",430390,"RS",13
"3223",430420,"RS",8
"3224",430440,"RS",12
"3225",430450,"RS",8
"3226",430460,"RS",77
"3227",430463,"RS",19
"3228",430466,"RS",8
"3229",430468,"RS",3
"3230",430470,"RS",13
"3231",430471,"RS",1
"3232",430480,"RS",3
"3233",430490,"RS",1
"3234",430495,"RS",1
"3235",430500,"RS",2
"3236",430510,"RS",77
"3237",430515,"RS",2
"3238",430517,"RS",1
"3239",430520,"RS",4
"3240",430530,"RS",1
"3241",430535,"RS",4
"3242",430543,"RS",3
"3243",430545,"RS",7
"3244",430580,"RS",2
"3245",430597,"RS",1
"3246",430610,"RS",13
"3247",430620,"RS",1
"3248",430635,"RS",1
"3249",430640,"RS",1
"3250",430660,"RS",8
"3251",430676,"RS",6
"3252",430680,"RS",6
"3253",430690,"RS",9
"3254",430695,"RS",1
"3255",430697,"RS",1
"3256",430700,"RS",13
"3257",430705,"RS",1
"3258",430710,"RS",2
"3259",430720,"RS",3
"3260",430730,"RS",1
"3261",430745,"RS",2
"3262",430750,"RS",4
"3263",430755,"RS",1
"3264",430760,"RS",8
"3265",430770,"RS",17
"3266",430780,"RS",9
"3267",430790,"RS",21
"3268",430800,"RS",1
"3269",430807,"RS",2
"3270",430820,"RS",1
"3271",430830,"RS",5
"3272",430843,"RS",1
"3273",430850,"RS",8
"3274",430860,"RS",8
"3275",430890,"RS",3
"3276",430905,"RS",3
"3277",430910,"RS",3
"3278",430912,"RS",2
"3279",430915,"RS",1
"3280",430920,"RS",60
"3281",430930,"RS",32
"3282",430940,"RS",4
"3283",430955,"RS",1
"3284",430957,"RS",1
"3285",430975,"RS",1
"3286",430995,"RS",1
"3287",431000,"RS",3
"3288",431010,"RS",1
"3289",431020,"RS",10
"3290",431030,"RS",2
"3291",431033,"RS",5
"3292",431050,"RS",1
"3293",431060,"RS",3
"3294",431080,"RS",1
"3295",431100,"RS",5
"3296",431120,"RS",3
"3297",431125,"RS",1
"3298",431130,"RS",3
"3299",431140,"RS",28
"3300",431142,"RS",1
"3301",431150,"RS",1
"3302",431173,"RS",1
"3303",431175,"RS",1
"3304",431180,"RS",2
"3305",431198,"RS",1
"3306",431210,"RS",1
"3307",431215,"RS",1
"3308",431225,"RS",1
"3309",431238,"RS",1
"3310",431240,"RS",7
"3311",431250,"RS",6
"3312",431265,"RS",1
"3313",431270,"RS",4
"3314",431306,"RS",2
"3315",431337,"RS",7
"3316",431339,"RS",1
"3317",431340,"RS",49
"3318",431350,"RS",4
"3319",431365,"RS",3
"3320",431370,"RS",6
"3321",431380,"RS",1
"3322",431390,"RS",6
"3323",431403,"RS",1
"3324",431405,"RS",12
"3325",431407,"RS",1
"3326",431410,"RS",27
"3327",431417,"RS",1
"3328",431440,"RS",65
"3329",431447,"RS",1
"3330",431450,"RS",1
"3331",431460,"RS",2
"3332",431470,"RS",2
"3333",431480,"RS",12
"3334",431490,"RS",348
"3335",431510,"RS",1
"3336",431515,"RS",1
"3337",431530,"RS",7
"3338",431540,"RS",3
"3339",431555,"RS",2
"3340",431560,"RS",40
"3341",431570,"RS",10
"3342",431580,"RS",1
"3343",431590,"RS",3
"3344",431600,"RS",6
"3345",431610,"RS",2
"3346",431620,"RS",1
"3347",431630,"RS",1
"3348",431640,"RS",1
"3349",431642,"RS",1
"3350",431645,"RS",4
"3351",431680,"RS",26
"3352",431690,"RS",56
"3353",431695,"RS",1
"3354",431710,"RS",7
"3355",431720,"RS",10
"3356",431730,"RS",5
"3357",431740,"RS",2
"3358",431750,"RS",7
"3359",431760,"RS",5
"3360",431780,"RS",1
"3361",431790,"RS",1
"3362",431800,"RS",7
"3363",431810,"RS",1
"3364",431820,"RS",5
"3365",431830,"RS",7
"3366",431840,"RS",3
"3367",431846,"RS",2
"3368",431850,"RS",7
"3369",431862,"RS",1
"3370",431870,"RS",45
"3371",431880,"RS",1
"3372",431890,"RS",5
"3373",431900,"RS",2
"3374",431915,"RS",2
"3375",431920,"RS",1
"3376",431940,"RS",3
"3377",431960,"RS",2
"3378",431975,"RS",1
"3379",431980,"RS",3
"3380",431990,"RS",7
"3381",432000,"RS",33
"3382",432010,"RS",6
"3383",432020,"RS",3
"3384",432035,"RS",2
"3385",432040,"RS",1
"3386",432045,"RS",3
"3387",432050,"RS",1
"3388",432067,"RS",1
"3389",432070,"RS",1
"3390",432080,"RS",6
"3391",432085,"RS",1
"3392",432090,"RS",2
"3393",432100,"RS",2
"3394",432110,"RS",6
"3395",432120,"RS",13
"3396",432130,"RS",4
"3397",432135,"RS",1
"3398",432140,"RS",2
"3399",432145,"RS",4
"3400",432147,"RS",1
"3401",432150,"RS",5
"3402",432160,"RS",17
"3403",432166,"RS",1
"3404",432170,"RS",3
"3405",432180,"RS",4
"3406",432183,"RS",1
"3407",432190,"RS",1
"3408",432195,"RS",1
"3409",432200,"RS",11
"3410",432210,"RS",1
"3411",432220,"RS",7
"3412",432232,"RS",1
"3413",432237,"RS",1
"3414",432240,"RS",24
"3415",432250,"RS",10
"3416",432254,"RS",3
"3417",432260,"RS",13
"3418",432270,"RS",5
"3419",432280,"RS",2
"3420",432300,"RS",89
"3421",432380,"RS",1
"3422",500020,"MS",4
"3423",500025,"MS",2
"3424",500060,"MS",9
"3425",500070,"MS",3
"3426",500085,"MS",4
"3427",500100,"MS",1
"3428",500110,"MS",8
"3429",500124,"MS",4
"3430",500150,"MS",2
"3431",500190,"MS",4
"3432",500210,"MS",9
"3433",500220,"MS",1
"3434",500230,"MS",1
"3435",500240,"MS",10
"3436",500260,"MS",1
"3437",500270,"MS",106
"3438",500280,"MS",2
"3439",500290,"MS",4
"3440",500295,"MS",4
"3441",500310,"MS",1
"3442",500315,"MS",8
"3443",500320,"MS",18
"3444",500325,"MS",2
"3445",500330,"MS",8
"3446",500345,"MS",1
"3447",500348,"MS",1
"3448",500370,"MS",44
"3449",500375,"MS",5
"3450",500380,"MS",2
"3451",500400,"MS",1
"3452",500410,"MS",4
"3453",500430,"MS",4
"3454",500440,"MS",1
"3455",500450,"MS",6
"3456",500460,"MS",11
"3457",500470,"MS",4
"3458",500480,"MS",5
"3459",500500,"MS",6
"3460",500515,"MS",3
"3461",500520,"MS",2
"3462",500540,"MS",10
"3463",500560,"MS",5
"3464",500568,"MS",6
"3465",500570,"MS",8
"3466",500600,"MS",1
"3467",500620,"MS",7
"3468",500630,"MS",3
"3469",500635,"MS",5
"3470",500640,"MS",1
"3471",500660,"MS",42
"3472",500690,"MS",2
"3473",500710,"MS",4
"3474",500720,"MS",4
"3475",500730,"MS",1
"3476",500740,"MS",1
"3477",500750,"MS",1
"3478",500769,"MS",1
"3479",500770,"MS",1
"3480",500780,"MS",1
"3481",500790,"MS",6
"3482",500793,"MS",1
"3483",500795,"MS",7
"3484",500800,"MS",4
"3485",500830,"MS",16
"3486",510010,"MT",1
"3487",510020,"MT",8
"3488",510025,"MT",8
"3489",510030,"MT",2
"3490",510035,"MT",1
"3491",510040,"MT",2
"3492",510050,"MT",5
"3493",510060,"MT",2
"3494",510080,"MT",2
"3495",510120,"MT",1
"3496",510130,"MT",6
"3497",510140,"MT",18
"3498",510170,"MT",7
"3499",510180,"MT",7
"3500",510185,"MT",1
"3501",510190,"MT",4
"3502",510250,"MT",15
"3503",510260,"MT",1
"3504",510263,"MT",9
"3505",510267,"MT",4
"3506",510268,"MT",3
"3507",510270,"MT",3
"3508",510285,"MT",3
"3509",510300,"MT",3
"3510",510305,"MT",3
"3511",510310,"MT",2
"3512",510320,"MT",13
"3513",510325,"MT",12
"3514",510330,"MT",4
"3515",510335,"MT",7
"3516",510337,"MT",4
"3517",510340,"MT",93
"3518",510345,"MT",2
"3519",510350,"MT",16
"3520",510360,"MT",2
"3521",510370,"MT",3
"3522",510390,"MT",2
"3523",510395,"MT",1
"3524",510410,"MT",8
"3525",510420,"MT",3
"3526",510452,"MT",2
"3527",510455,"MT",2
"3528",510460,"MT",1
"3529",510480,"MT",7
"3530",510500,"MT",1
"3531",510510,"MT",7
"3532",510515,"MT",11
"3533",510517,"MT",1
"3534",510520,"MT",4
"3535",510525,"MT",31
"3536",510550,"MT",4
"3537",510558,"MT",3
"3538",510560,"MT",4
"3539",510562,"MT",15
"3540",510590,"MT",9
"3541",510600,"MT",3
"3542",510615,"MT",3
"3543",510618,"MT",3
"3544",510619,"MT",2
"3545",510620,"MT",1
"3546",510621,"MT",3
"3547",510622,"MT",9
"3548",510623,"MT",1
"3549",510624,"MT",2
"3550",510625,"MT",2
"3551",510626,"MT",2
"3552",510630,"MT",4
"3553",510637,"MT",4
"3554",510642,"MT",19
"3555",510650,"MT",13
"3556",510675,"MT",16
"3557",510677,"MT",2
"3558",510680,"MT",3
"3559",510682,"MT",2
"3560",510700,"MT",4
"3561",510704,"MT",19
"3562",510706,"MT",3
"3563",510710,"MT",5
"3564",510715,"MT",1
"3565",510718,"MT",5
"3566",510730,"MT",13
"3567",510735,"MT",3
"3568",510757,"MT",1
"3569",510760,"MT",39
"3570",510770,"MT",1
"3571",510780,"MT",2
"3572",510785,"MT",3
"3573",510787,"MT",7
"3574",510788,"MT",2
"3575",510790,"MT",49
"3576",510792,"MT",33
"3577",510794,"MT",3
"3578",510795,"MT",17
"3579",510800,"MT",2
"3580",510805,"MT",4
"3581",510820,"MT",1
"3582",510830,"MT",2
"3583",510840,"MT",50
"3584",510850,"MT",3
"3585",510860,"MT",4
"3586",510885,"MT",1
"3587",510890,"MT",2
"3588",510895,"MT",2
"3589",520000,"GO",25
"3590",520005,"GO",9
"3591",520010,"GO",7
"3592",520013,"GO",6
"3593",520025,"GO",40
"3594",520030,"GO",14
"3595",520055,"GO",1
"3596",520060,"GO",4
"3597",520080,"GO",3
"3598",520085,"GO",4
"3599",520090,"GO",1
"3600",520110,"GO",130
"3601",520130,"GO",2
"3602",520140,"GO",249
"3603",520170,"GO",4
"3604",520180,"GO",5
"3605",520215,"GO",7
"3606",520235,"GO",1
"3607",520250,"GO",3
"3608",520260,"GO",1
"3609",520310,"GO",2
"3610",520320,"GO",1
"3611",520330,"GO",13
"3612",520340,"GO",3
"3613",520350,"GO",4
"3614",520355,"GO",4
"3615",520380,"GO",2
"3616",520390,"GO",2
"3617",520396,"GO",2
"3618",520410,"GO",2
"3619",520420,"GO",2
"3620",520425,"GO",1
"3621",520430,"GO",2
"3622",520440,"GO",8
"3623",520450,"GO",52
"3624",520455,"GO",1
"3625",520470,"GO",1
"3626",520480,"GO",2
"3627",520485,"GO",3
"3628",520490,"GO",4
"3629",520495,"GO",1
"3630",520500,"GO",7
"3631",520505,"GO",1
"3632",520510,"GO",17
"3633",520520,"GO",1
"3634",520530,"GO",1
"3635",520540,"GO",5
"3636",520545,"GO",2
"3637",520547,"GO",1
"3638",520549,"GO",30
"3639",520551,"GO",1
"3640",520552,"GO",1
"3641",520580,"GO",1
"3642",520620,"GO",27
"3643",520630,"GO",2
"3644",520640,"GO",11
"3645",520670,"GO",2
"3646",520680,"GO",1
"3647",520690,"GO",1
"3648",520735,"GO",1
"3649",520740,"GO",2
"3650",520753,"GO",1
"3651",520760,"GO",2
"3652",520780,"GO",1
"3653",520800,"GO",42
"3654",520810,"GO",2
"3655",520830,"GO",1
"3656",520840,"GO",4
"3657",520860,"GO",23
"3658",520870,"GO",419
"3659",520880,"GO",18
"3660",520890,"GO",4
"3661",520910,"GO",7
"3662",520915,"GO",5
"3663",520920,"GO",4
"3664",520929,"GO",1
"3665",520940,"GO",1
"3666",520960,"GO",1
"3667",520970,"GO",9
"3668",520990,"GO",4
"3669",520993,"GO",2
"3670",520995,"GO",9
"3671",521000,"GO",16
"3672",521010,"GO",9
"3673",521020,"GO",2
"3674",521040,"GO",22
"3675",521056,"GO",3
"3676",521090,"GO",3
"3677",521100,"GO",3
"3678",521120,"GO",10
"3679",521130,"GO",1
"3680",521140,"GO",4
"3681",521150,"GO",32
"3682",521180,"GO",17
"3683",521190,"GO",31
"3684",521200,"GO",1
"3685",521210,"GO",2
"3686",521220,"GO",7
"3687",521230,"GO",4
"3688",521250,"GO",63
"3689",521270,"GO",2
"3690",521280,"GO",4
"3691",521295,"GO",1
"3692",521300,"GO",4
"3693",521308,"GO",5
"3694",521310,"GO",13
"3695",521370,"GO",3
"3696",521375,"GO",3
"3697",521380,"GO",8
"3698",521390,"GO",2
"3699",521400,"GO",8
"3700",521405,"GO",3
"3701",521410,"GO",1
"3702",521440,"GO",1
"3703",521450,"GO",15
"3704",521460,"GO",12
"3705",521483,"GO",1
"3706",521486,"GO",1
"3707",521500,"GO",1
"3708",521520,"GO",2
"3709",521523,"GO",35
"3710",521525,"GO",1
"3711",521530,"GO",3
"3712",521560,"GO",8
"3713",521570,"GO",7
"3714",521580,"GO",1
"3715",521630,"GO",2
"3716",521640,"GO",3
"3717",521690,"GO",1
"3718",521710,"GO",5
"3719",521720,"GO",2
"3720",521730,"GO",10
"3721",521740,"GO",8
"3722",521760,"GO",32
"3723",521770,"GO",1
"3724",521800,"GO",6
"3725",521805,"GO",2
"3726",521810,"GO",1
"3727",521830,"GO",2
"3728",521839,"GO",2
"3729",521850,"GO",14
"3730",521860,"GO",3
"3731",521870,"GO",4
"3732",521878,"GO",3
"3733",521880,"GO",34
"3734",521890,"GO",1
"3735",521900,"GO",1
"3736",521910,"GO",2
"3737",521920,"GO",1
"3738",521930,"GO",6
"3739",521940,"GO",1
"3740",521960,"GO",1
"3741",521971,"GO",1
"3742",521973,"GO",1
"3743",521975,"GO",29
"3744",521980,"GO",2
"3745",521990,"GO",1
"3746",522010,"GO",7
"3747",522015,"GO",2
"3748",522020,"GO",9
"3749",522040,"GO",3
"3750",522045,"GO",64
"3751",522060,"GO",2
"3752",522068,"GO",2
"3753",522100,"GO",5
"3754",522119,"GO",4
"3755",522140,"GO",53
"3756",522145,"GO",3
"3757",522150,"GO",3
"3758",522160,"GO",11
"3759",522170,"GO",1
"3760",522185,"GO",53
"3761",522200,"GO",1
"3762",530010,"DF",440
